name,country
Durres,Albania
Shengjin,Albania
Vlores,Albania
Dellys,Algeria
Bejaia,Algeria
Oran,Algeria
Mostaganem,Algeria
Beni Saf,Algeria
Arzew,Algeria
Port Methanier,Algeria
Mers El Kebir,Algeria
Arzew El Djedid,Algeria
Skikda,Algeria
Collo,Algeria
Ghazaouet,Algeria
Alger,Algeria
Tenes,Algeria
Djen-Djen,Algeria
Jijel,Algeria
Annaba,Algeria
Pago Pago Harbor,American Samoa
Estrela Oil Field,Angola
Kizomba A Terminal,Angola
Cabinda,Angola
Kizomba C Terminal,Angola
Porto Amboim,Angola
Palanca Terminal,Angola
Greater Plutonio Terminal,Angola
Kizomba B Terminal,Angola
Psvm Terminal,Angola
Futila Terminal,Angola
Lobito,Angola
Kuito Oil Field,Angola
Girassol Terminal,Angola
Dalia Terminal,Angola
Porto Do Ambriz,Angola
Soyo Angola Lng Terminal,Angola
Malongo Oil Terminal,Angola
Sumbe,Angola
Luanda,Angola
Namibe,Angola
Takula Terminal,Angola
Mcmurdo Station,Antarctica
Admiralty Bay,Antarctica
Melchior Harbor,Antarctica
Port Lockroy,Antarctica
Port Foster,Antarctica
Scotia Bay,Antarctica
Ellefsen Harbor,Antarctica
Andersen Harbor,Antarctica
St Johns,Antigua and Barbuda
Quequen,Argentina
Villa Constitucion,Argentina
Diamante,Argentina
Concordia,Argentina
Campana,Argentina
Zarate,Argentina
Puerto San Julian,Argentina
Puerto Belgrano,Argentina
San Blas,Argentina
San Lorenzo,Argentina
Colon,Argentina
Parana,Argentina
Concepcion Del Uruguay,Argentina
Puerto Deseado,Argentina
Ushuaia,Argentina
Puerto Madryn,Argentina
Puerto Gallegos,Argentina
Puerto Galvan,Argentina
Villa Constitucion,Argentina
Puerto Nacional,Argentina
San Nicolas,Argentina
San Sebastian Bay,Argentina
Mar Del Plata,Argentina
La Plata,Argentina
Buenos Aires,Argentina
Puerto Santa Cruz,Argentina
Rio Grande,Argentina
Ramallo,Argentina
Bahia Blanca,Argentina
Puerto Ibicuy,Argentina
Rosario,Argentina
Puerto Ingeniero White,Argentina
Puerto San Martin,Argentina
San Pedro,Argentina
Comodoro Rivadavia,Argentina
Puerto Rosales,Argentina
Santa Fe,Argentina
Paarden Baai -,Aruba
Sint Nicolaas Baai,Aruba
Kingscote,Australia
Jervis Bay,Australia
Eden,Australia
Gove,Australia
Batemans Bay,Australia
Esperance,Australia
Mackay,Australia
Bundaberg,Australia
Ballina,Australia
Mourilyan Harbour,Australia
Thevenard,Australia
Cairns,Australia
Hay Point,Australia
Burnie,Australia
Port Hedland,Australia
Milner Bay,Australia
Port Pirie,Australia
Darwin,Australia
Cape Cuvier,Australia
Port Bonython,Australia
Port Latta,Australia
Dover,Australia
Stanley,Australia
Port Huon,Australia
Newcastle,Australia
Port Alma,Australia
Port Walcott,Australia
Wyndham,Australia
Sydney,Australia
Warrnambool,Australia
Gladstone,Australia
Port Adelaide,Australia
Geelong,Australia
Western Port,Australia
Welshpool,Australia
Beauty Point,Australia
Wallaroo,Australia
Melbourne,Australia
Point Murat,Australia
Port Kembla,Australia
Dampier,Australia
Botany Bay,Australia
Onslow,Australia
Lucinda,Australia
Portland,Australia
Geraldton,Australia
Brisbane,Australia
Cape Flattery Harbor,Australia
Klein Point,Australia
Hobart,Australia
Useless Loop,Australia
Broome,Australia
Devonport,Australia
Thursday Island,Australia
Port Lincoln,Australia
Port Dalrymple,Australia
Port Giles,Australia
Ardrossan,Australia
Weipa,Australia
Whyalla,Australia
Albany,Australia
Bunbury,Australia
Fremantle,Australia
Launceston,Australia
Townsville,Australia
Karumba,Australia
Al Manamah,Bahrain
Khalifa Bin Salman,Bahrain
Mina Salman,Bahrain
Sitrah,Bahrain
Mongla,Bangladesh
Chittagong,Bangladesh
Bridgetown,Barbados
Bruxelles,Belgium
Bruges,Belgium
Nieuwpoort,Belgium
Zeebrugge,Belgium
Oostende,Belgium
Antwerpen,Belgium
Ghent,Belgium
Belize City,Belize
Big Creek,Belize
Cotonou,Benin
Freeport,Bermuda
Ireland Island,Bermuda
Hamilton,Bermuda
St George,Bermuda
Neum,Bosnia and Herzegovina
Madre De Deus,Brazil
Tutoia,Brazil
Port De Salvador,Brazil
Santarem,Brazil
Recife,Brazil
Guamare Oil Terminal,Brazil
Portocel,Brazil
Paranagua,Brazil
Camocim,Brazil
Porto De Maceio,Brazil
Porto De Suape,Brazil
Porto Do Forno,Brazil
Tramandai,Brazil
Cameta,Brazil
Santa Clara,Brazil
Vitoria,Brazil
Rio Grande,Brazil
Santos,Brazil
Vila Do Conde,Brazil
Imbituba,Brazil
Angra Dos Reis,Brazil
Sao Francisco,Brazil
Ilheus,Brazil
Porto Alegre,Brazil
Sao Sebastiao,Brazil
Guaiba Island Terminal,Brazil
Natal,Brazil
Itaqui,Brazil
Manaus,Brazil
Itacoatiara,Brazil
Tubarao,Brazil
Belem,Brazil
Pelotas,Brazil
Porto De Mucuripe,Brazil
Itajai,Brazil
Port De Aracaju,Brazil
Macae,Brazil
Niteroi,Brazil
Rio De Janeiro,Brazil
Cabedelo,Brazil
Aratu,Brazil
Gebig,Brazil
Dtse / Gegua Oil Terminal,Brazil
Laguna,Brazil
Porto Santana,Brazil
Diego Garcia,British Indian Ocean Territory
Road Harbor,British Virgin Islands
Bandar Seri Begawan,Brunei
Seria Oil Loading Terminal,Brunei
Lumut,Brunei
Kuala Belait,Brunei
Muara Harbor,Brunei
Varna,Bulgaria
Burgas,Bulgaria
Bassein,Burma
Rangoon,Burma
Moulmein Harbor,Burma
Mergui,Burma
Yetagun Marine Terminal,Burma
Sittwe,Burma
Victoria Point Harbor,Burma
Porto Grande,Cabo Verde
Porto Da Praia,Cabo Verde
Kampong Saom,Cambodia
Phsar Ream,Cambodia
Limboh Terminal,Cameroon
Kole Oil Terminal,Cameroon
Kribi Deep Sea Port,Cameroon
Douala,Cameroon
Ebome Marine Terminal,Cameroon
Moudi Marine Terminal,Cameroon
Kome Kribi 1 Marine Terminal,Cameroon
Lewisporte,Canada
Sydney,Canada
Deception Bay,Canada
Port Credit,Canada
Nain,Canada
St Placide,Canada
Cornwall,Canada
Ganges,Canada
Lower Lakes Terminal,Canada
Harmac,Canada
St John's,Canada
Twillingate,Canada
Port Mellon,Canada
Ahousat,Canada
Nanoose Harbor,Canada
Victoria Harbor,Canada
Vancouver,Canada
Port Alberni,Canada
Butedale,Canada
Goose Bay,Canada
Alliford Bay,Canada
Ottawa,Canada
Botwood,Canada
Port Moody,Canada
Port Elgin,Canada
Port Colborne,Canada
St Anthony,Canada
Sept Iles,Canada
Beauharnois,Canada
St Anicet,Canada
St John,Canada
Port Coquitlam,Canada
Thessalon,Canada
St Zotique,Canada
Pangnirtung,Canada
Kingston,Canada
Ucluelet,Canada
Toronto,Canada
St Andrews East,Canada
Westview,Canada
South Lancaster,Canada
Papineauville,Canada
Sointula,Canada
Liverpool,Canada
Wolfe Island,Canada
Contrecour,Canada
Pelee I West Dock,Canada
Port De Becancour,Canada
Springdale,Canada
Churchill,Canada
Carmanville,Canada
Bergh Cove,Canada
Baie Verte,Canada
Holyrood,Canada
Port Weller,Canada
Harbour Breton,Canada
Welland,Canada
Trois Rivieres,Canada
Point Edward,Canada
Windsor,Canada
Bay Roberts,Canada
Pond Inlet,Canada
Rockland,Canada
Heron Bay,Canada
Sorel,Canada
Roddickton,Canada
Sombra,Canada
Mingan Harbor,Canada
Great Jervis Harbor,Canada
Shediac Harbor,Canada
Cap des Mechins,Canada
Sheet Harbor,Canada
Godbout,Canada
Ile du Cap aux Meules,Canada
Newport,Canada
Natashquan,Canada
Rockport,Canada
St Anns Harbour,Canada
Whycocomagh,Canada
Riverport,Canada
Lunenburg Harbour,Canada
Tadoussac,Canada
Richards Landing,Canada
Duncan Bay,Canada
Dalhousie,Canada
Port Hood,Canada
Rondeau,Canada
Montreal,Canada
Southampton,Canada
Port Hastings,Canada
Port Simpson,Canada
Wiarton,Canada
Thurso,Canada
Cardinal,Canada
Gananoque,Canada
Gaspe,Canada
Batchawana Bay,Canada
Port Alice,Canada
Brockville,Canada
Stormont,Canada
Port Mcnicoll,Canada
Quebec,Canada
Tobermory,Canada
Port Union,Canada
Thunder Bay,Canada
Port Mcneill,Canada
Miramichi,Canada
Caraquet,Canada
Dingwall Harbor,Canada
Baddeck Harbour,Canada
Shelburne Harbour,Canada
St Simeon,Canada
Havre Aubert,Canada
Pugwash Harbour,Canada
Halifax,Canada
Portneuf,Canada
Baie des Escoumins,Canada
Arichat Harbour,Canada
Port Menier,Canada
Pointe des Roches,Canada
Souris Harbour,Canada
Chandler,Canada
Old Ferolle Harbor,Canada
St. Barbe Harbor,Canada
Port Saunders,Canada
Belledune Harbor,Canada
Lockeport Harbor,Canada
Bella Bella,Canada
Grand Narrows,Canada
Richibucto Harbor,Canada
Cowichan Bay,Canada
Hope Bay,Canada
Bamberton,Canada
Gold River,Canada
Port de Valleyfield,Canada
Crawley Creek,Canada
Havre de la Grande Entree,Canada
La Malbaie,Canada
Ile du Gros Cacouna,Canada
Crofton,Canada
Leamington,Canada
Goldsboro,Canada
Klemtu,Canada
Coteau Landing,Canada
Bathurst Harbour,Canada
Yarmouth Harbor,Canada
Hawkes Habor,Canada
Little Bras D Or,Canada
Grand Bank,Canada
North Sydney,Canada
Carillon,Canada
Chute A Blondeau,Canada
Matane,Canada
Corner Brook,Canada
Hawkesbury,Canada
Douglastown,Canada
Clayoquot,Canada
Parry Sound,Canada
Mission City,Canada
Lyall Harbor,Canada
Alert Bay,Canada
Bella Coola,Canada
Fassett,Canada
Kitimat,Canada
St Catherine,Canada
Shippegan,Canada
Vaudreuil,Canada
Quebec Harbour,Canada
Sonora,Canada
Baie Comeau,Canada
Niagara,Canada
Chicoutimi,Canada
Bronte,Canada
Meldrum Bay,Canada
Gore Bay,Canada
Kagawong,Canada
Little Current,Canada
Killarney,Canada
Key Harbour,Canada
Byng Inlet,Canada
Midland,Canada
Collingwood,Canada
Meaford,Canada
Goderich,Canada
Courtright,Canada
Thorold,Canada
Trenton,Canada
Port Maitland,Canada
Pictou,Canada
Port Dover,Canada
Stewart,Canada
Hamilton,Canada
Belleville,Canada
Sault Ste Marie,Canada
Port Aux Basques,Canada
Cumberland,Canada
Riviere Du Loup,Canada
Port Hope,Canada
Sarnia,Canada
Pelee I North Wharf,Canada
Porpoise Harbor,Canada
Oshawa,Canada
Port Clements,Canada
Port Severn,Canada
Millhaven,Canada
Goulais Bay,Canada
Gargantua,Canada
Oakville,Canada
Port Stanley,Canada
Amherstburg,Canada
Depot Harbour,Canada
Manitowaning,Canada
Port Dalhousie,Canada
Pointe Noire,Canada
Kingsville,Canada
Bay Bulls,Canada
Hudson,Canada
Grenville,Canada
Havre St Pierre,Canada
Masson,Canada
Long Harbour,Canada
Fortune,Canada
Burgeo,Canada
Arnold's Cove,Canada
Waubaushene,Canada
Marystown,Canada
Steveston,Canada
Placentia Bay,Canada
Blind River,Canada
Oka Sur Le Lac,Canada
Gatineau,Canada
Hull,Canada
Cobourg,Canada
Clarkson,Canada
Lions Head,Canada
Honora,Canada
Cockburn,Canada
Catalina Harbor,Canada
Come By Chance Harbor,Canada
Montebello,Canada
Bruce Mines,Canada
Sheguiandah,Canada
Port Cartier,Canada
Port San Juan,Canada
Comox Harbor,Canada
Stephenville,Canada
Michipicoten,Canada
Penetanguishene,Canada
Padloping Island,Canada
Queen Charlotte,Canada
Argentia,Canada
Fraser Mills,Canada
Long Pond,Canada
Thornbury,Canada
Windsor,Canada
Musquodoboit Harbour,Canada
Blanc Sablon,Canada
Rimouski,Canada
La Baie,Canada
Summerside,Canada
Masset Harbor,Canada
Coal Harbor,Canada
Kemano Bay,Canada
Louisbourg,Canada
New Westminster,Canada
Canaport,Canada
Hilton,Canada
Port Hawkesbury,Canada
Desbarats,Canada
Picton,Canada
St George's,Canada
Queenston,Canada
Owen Sound,Canada
Port Bayside Nb,Canada
Tahsis,Canada
Tiffin,Canada
Clarenville,Canada
Digby,Canada
Walpole Island,Canada
Charlottetown,Canada
Georgetown,Canada
Sidney,Canada
Port Whitby,Canada
Prince Rupert,Canada
Goto Oil Terminal,Caribbean Netherlands
Salina,Caribbean Netherlands
Oranjestad,Caribbean Netherlands
Kralendijk,Caribbean Netherlands
Cayman Brac,Cayman Islands
Georgetown,Cayman Islands
Puerto Natales,Chile
Puerto Castro,Chile
Lota,Chile
Puerto Sara,Chile
Tocopilla,Chile
Puerto Yartou,Chile
Bahia Agua Fresca,Chile
Bahia Harris,Chile
Caleta Clarencia,Chile
Huasco,Chile
Puerto Caldera,Chile
Bahia Herradura Guayacan,Chile
Puerto Chacabuco,Chile
Puerto Montt,Chile
Puerto Chanaral,Chile
Bahia San Vicente,Chile
Puerto Calderilla,Chile
Lirquen,Chile
Port San Juan De La Juan,Chile
Coquimbo,Chile
Antofagasta,Chile
Iquique,Chile
Rada De Arica,Chile
Caleta Mina Elena,Chile
Penco,Chile
Caleta Patillos,Chile
Taltal,Chile
Coronel,Chile
Puerto Quemchi,Chile
Puerto San Antonio,Chile
Talcahuano,Chile
Mejillones,Chile
Bahia Quintero,Chile
Puerto De Corral,Chile
Bahia De Valdivia,Chile
Rada Punta Arenas,Chile
Punta Delgada,Chile
Puerto Williams,Chile
Bahia De Valparaiso,Chile
Lon Shui Terminal,China
Weihai,China
Haikou,China
Yangpu,China
Changshu,China
Nantong,China
Tangshan,China
Huangpu,China
Penglai,China
Gaogang,China
Huludao Gang,China
Bayuquan,China
Jinzhou Wan,China
Wenzhou,China
Longkou Gang,China
Zhapu,China
Fuzhou,China
Yangzhou,China
Basuo,China
Qingdao Gang,China
Sanya,China
Nanjing,China
Huangpuxingang,China
Beihai,China
Dongshan,China
Tianjin Xin Gang,China
Shanghai,China
Lianyungang,China
Haimen,China
Wu Hu,China
Zhangjiangang,China
Suizhang Gang,China
Chiwan,China
Yingkou,China
Shan T Ou,China
Zhangzhou,China
Xiuyu,China
Quanzhou,China
Zhuhai,China
Shui Dong,China
Shekou,China
Qinzhou,China
Zhanjiang,China
Xiamen,China
Zhenjiang,China
Yantian,China
Taicang,China
Qinhuangdao,China
Zhoushan,China
Jiangyin,China
Changzhou,China
Dalian,China
Fang-Cheng,China
Lushun,China
Zhen Hai,China
Ningbo,China
Dagu Tanggu,China
Hankow,China
Chaozhou,China
Guangzhou,China
Huizhou,China
Ankingcheng,China
Yantai,China
Dandong,China
Rizhao,China
Lanshan,China
Flying Fish Cove,Christmas Island
Pozos Colorados,Colombia
Covenas Offshore Term.,Colombia
Buenaventura,Colombia
Cartagena,Colombia
Puerto Prodeco,Colombia
Covenas,Colombia
San Andres Island,Colombia
Barranquilla,Colombia
Turbo,Colombia
Santa Marta,Colombia
Mamonal,Colombia
Puerto Bolivar,Colombia
Tumaco,Colombia
El Bosque,Colombia
Dzaoudzi,Comoros
Fomboni,Comoros
Moroni,Comoros
Moutsamoudu,Comoros
Djeno Terminal,Congo (Brazzaville)
N'kossa Terminal,Congo (Brazzaville)
Pointe Noire,Congo (Brazzaville)
Yombo Terminal,Congo (Brazzaville)
Dussafu Terminal,Congo (Brazzaville)
Matadi,Congo (Kinshasa)
Boma,Congo (Kinshasa)
Banana,Congo (Kinshasa)
Avatiu,Cook Islands
Golfito,Costa Rica
Puntarenas,Costa Rica
Puerto Caldera,Costa Rica
Puerto Quepos,Costa Rica
Puerto Limon,Costa Rica
Puerto Moin,Costa Rica
Abidjan,Cote D'Ivoire
San Pedro,Cote D'Ivoire
Port Bouet,Cote D'Ivoire
Baobab Marine Terminal,Cote D'Ivoire
Espoir Marine Terminal,Cote D'Ivoire
Rijeka Luka,Croatia
Pula,Croatia
Omisalj,Croatia
Zaliv Rasa,Croatia
Ploce,Croatia
Korcula,Croatia
Sibenik,Croatia
Senj,Croatia
Dugi Rat,Croatia
Umag,Croatia
Split,Croatia
Rovinj,Croatia
Zadar,Croatia
Dubrovnik,Croatia
Bakar,Croatia
Brsica,Croatia
Nueva Gerona,Cuba
Antilla,Cuba
Matanzas,Cuba
Felton,Cuba
Bahai De La Habana,Cuba
Bahia De Sagua De Tanamo,Cuba
Cabanas,Cuba
Manzanillo,Cuba
Isabela De Sagua,Cuba
Mariel,Cuba
Cienfuegos,Cuba
Casilda,Cuba
Guayabal,Cuba
Palo Alto,Cuba
Santa Cruz del Sur,Cuba
Banes,Cuba
Preston,Cuba
Baracoa,Cuba
Cardenas,Cuba
Tunas De Zaza,Cuba
Cayo Moa Grande,Cuba
Bahia Honda,Cuba
Nuevitas Bay,Cuba
Vita,Cuba
Manati,Cuba
Ceiba Hueca,Cuba
Nicaro,Cuba
Puerto Guantanamo,Cuba
Puerto Padre,Cuba
Santiago De Cuba,Cuba
Jucaro,Cuba
Caibarien,Cuba
Santa Lucia,Cuba
Media Luna,Cuba
Willemstad,Curacao
Bullen Baai,Curacao
Caracasbaai,Curacao
Sint Michelsbaai,Curacao
Famagusta,Cyprus
Kyrenia,Cyprus
Larnaca,Cyprus
Xeros,Cyprus
Limassol,Cyprus
Dhekelia,Cyprus
Nekso,Denmark
Holstebro-Stuer,Denmark
Stigsnaesvaerket,Denmark
Ringkobing,Denmark
Skagen Havn,Denmark
Skaerbaek,Denmark
Hanstholm,Denmark
Thisted,Denmark
Helsingor,Denmark
Tuborg,Denmark
Rudkobing,Denmark
Kalundborg,Denmark
Bandholm,Denmark
Odense,Denmark
Arhus,Denmark
Christianso Harbor,Denmark
Hasle,Denmark
Koge,Denmark
Studstrup,Denmark
Sakskobing,Denmark
Nysted,Denmark
Horsens,Denmark
Ronne,Denmark
Abenra,Denmark
Augustenborg,Denmark
Nyborg,Denmark
Stege,Denmark
Vejle,Denmark
Esbjerg,Denmark
Middelfart,Denmark
Nykobing,Denmark
Assens,Denmark
Ensted,Denmark
Kolding,Denmark
Stubbekobing,Denmark
Hundested Havn,Denmark
Fakse Ladeplads Havn,Denmark
Hadsund,Denmark
Svendborg,Denmark
Mariager,Denmark
Marstal,Denmark
Hobro,Denmark
Hals,Denmark
Frederikshavn,Denmark
Lemvig,Denmark
Thyboron,Denmark
Aeroskobing,Denmark
Rodby Havn,Denmark
Hirtshals,Denmark
Vordingborg,Denmark
Skaelskor,Denmark
Frederiksvaerk,Denmark
Alborg,Denmark
Naestved,Denmark
Haderslev,Denmark
Kobenhavn,Denmark
Grenaa Havn,Denmark
Holbaek,Denmark
Randers,Denmark
Faborg,Denmark
Nakskov,Denmark
Frederikssund,Denmark
Nykobing,Denmark
Kyndbyvaerkets,Denmark
Korsor,Denmark
Fredericia,Denmark
Gulfhaven,Denmark
Sonderborg,Denmark
Kerteminde,Denmark
Djibouti,Djibouti
Doraleh,Djibouti
Portsmouth,Dominica
Roseau,Dominica
Puerto Botado,Dominican Republic
Amber Cove,Dominican Republic
San Pedro De Macoris,Dominican Republic
Punta Nizao Oil Terminal,Dominican Republic
Santo Domingo,Dominican Republic
Puerto Plata,Dominican Republic
Santa Cruz De Barahona,Dominican Republic
Puerto De Haina,Dominican Republic
Cabo Rojo,Dominican Republic
Manzanillo,Dominican Republic
La Romana,Dominican Republic
Pepillo Salcedo,Dominican Republic
Santa Barbara De Samana,Dominican Republic
Sanchez,Dominican Republic
Andres,Dominican Republic
Puerto Viejo De Azua,Dominican Republic
Las Calderas,Dominican Republic
Puerto Maritimo De Guayaquil,Ecuador
Guayaquil,Ecuador
Esmeraldas,Ecuador
Puerto Bolivar,Ecuador
Manta,Ecuador
La Libertad,Ecuador
Zeit Bay Lpg Terminal,Egypt
Sharm El Sheikh,Egypt
Ras Badran Oil Terminal,Egypt
Sokhna Port Gas Tanker Terminal,Egypt
Mersa Matruh,Egypt
El-Adabiya,Egypt
El Ghardaqa,Egypt
Ain Sukhna Terminal,Egypt
El Ismailiya,Egypt
Zafarana Terminal,Egypt
El Maadiya,Egypt
Ras Sudr,Egypt
Safaja,Egypt
Wadi Feiran,Egypt
Bur Sa'id,Egypt
Ras Abu Zanimah,Egypt
At Tur,Egypt
As Suways,Egypt
Hamrawein,Egypt
Al Iskandariyh,Egypt
Al Qusayr,Egypt
Nuwaybi',Egypt
Sidi Kerir,Egypt
Damietta,Egypt
North Ain Sukhna Port,Egypt
Marsa az Zaytiyah,Egypt
Abu Qir,Egypt
Ras Gharib,Egypt
Zeit Bay Terminal,Egypt
Ras Shukhier,Egypt
El Hamra Oil Terminal,Egypt
La Union,El Salvador
Acajutla Offshore Terminal,El Salvador
Acajutla,El Salvador
Malabo,Equatorial Guinea
Bata,Equatorial Guinea
Serpentina Terminal,Equatorial Guinea
Cogo,Equatorial Guinea
Ceiba Terminal,Equatorial Guinea
Luba,Equatorial Guinea
Punta Europa Terminal,Equatorial Guinea
Assab,Eritrea
Mitsiwa Harbor,Eritrea
Sillamae,Estonia
Paljassaare,Estonia
Paldiski Lounasadam,Estonia
Saaremaa sadam,Estonia
Osmussaar,Estonia
Roomassaare,Estonia
Meeruse,Estonia
Heltermaa,Estonia
Vene-Balti,Estonia
Kunda,Estonia
Loksa,Estonia
Bekkeri,Estonia
Paldiski Pohjasadam,Estonia
Miiduranna,Estonia
Muuga,Estonia
Virtsu,Estonia
Lahesuu,Estonia
Parnu,Estonia
Vanasadam,Estonia
Rohukula,Estonia
Stanley,Falkland Islands (Islas Malvinas)
Klaksvik,Faroe Islands
Sorvagur,Faroe Islands
Fuglafjordur,Faroe Islands
Kongshavn,Faroe Islands
Tvoroyri,Faroe Islands
Vestmanna,Faroe Islands
Torshavn,Faroe Islands
Runavik,Faroe Islands
Vagur,Faroe Islands
Pohnpei Harbor,Federated States of Micronesia
Moen,Federated States of Micronesia
Colonia,Federated States of Micronesia
Lele Harbor,Federated States of Micronesia
Lautoka Harbor,Fiji
Savusavu Bay,Fiji
Suva Harbor,Fiji
Levuka,Fiji
Malai,Fiji
Kotka,Finland
Pietarsaari,Finland
Kantlax,Finland
Naantali,Finland
Loviisa,Finland
Oulu,Finland
Tahkoluoto,Finland
Uusikaupunki,Finland
Hamina,Finland
Mantyluoto,Finland
Nykarleby,Finland
Hellnas,Finland
Vaasa,Finland
Kokkola,Finland
Raahe,Finland
Veitsiluoto,Finland
Porkkala,Finland
Rauma,Finland
Kaskinen,Finland
Signilskar,Finland
Tolkkinen,Finland
Pargas,Finland
Helsinki,Finland
Hanko,Finland
Himanka,Finland
Porvoo,Finland
Kristinestad,Finland
Mariehamn,Finland
Pori,Finland
Kemi,Finland
Inkoo,Finland
Jussaro,Finland
Rahja,Finland
Ekenas,Finland
Turku,Finland
Uto,Finland
Tornio,Finland
Bayonne,France
Nantes,France
Deauville,France
Bonifacio,France
Donges,France
Nice,France
Toulon,France
Villefranche,France
Concarneau,France
Le Treport,France
Blaye,France
Sete,France
Saint-Malo,France
Le Verdon,France
Porto Vecchio,France
Fos,France
Fecamp,France
Port Saint Louis Du Rhone,France
Port De Caen,France
Calais,France
Dieppe,France
Bordeaux,France
Saint-Valery-Sur-Somme,France
Calvi,France
Rouen,France
Bastia,France
Port De Roscoff-Bloscon,France
Antibes,France
Pontrieux,France
Lezardrieux,France
Tonnay Charente,France
La Pallice,France
La Rochelle,France
L'ile Rousse,France
Marseille,France
Rochefort,France
Gravelines,France
Montoir,France
Dunkerque Port Ouest,France
Morlaix,France
Saint-Raphael,France
Port De Propriano,France
Le Havre,France
Port D' Ajaccio,France
Ouistreham,France
Saint-Tropez,France
St Nazaire,France
Le Legue,France
Port-de-Bouc,France
Port-La-Nouvelle,France
Ambes,France
Boulogne-Sur-Mer,France
Cannes,France
Les Sables D' Olonne,France
Granville,France
Honfleur,France
Pauillac,France
Dunkerque Port Est,France
Treguier,France
Rade De Cherbourg,France
Baie Du Marigot,France
Port Du Havre-Antifer,France
Lorient,France
Port-Vendres,France
Rade De Brest,France
Paimpol,France
Degrad Des Cannes,French Guiana
Atuona,French Polynesia
Vaitape,French Polynesia
Baie Taiohae,French Polynesia
Port Rikitea,French Polynesia
Papeete,French Polynesia
Uturoa,French Polynesia
Port Owendo,Gabon
M'bya Oil Terminal,Gabon
Etame Terminal,Gabon
Port Gentil,Gabon
Cap Lopez,Gabon
Gamba Oil Terminal,Gabon
Olowi Marine Terminal,Gabon
Oguendjo Terminal,Gabon
Libreville,Gabon
Batumi,Georgia
Supsa Marine Terminal,Georgia
Sokhumi,Georgia
Itzehoe,Germany
Wilhelmshaven,Germany
Flensburg,Germany
Oldenburg,Germany
Wolgast,Germany
Cuxhaven,Germany
Hamburg,Germany
Stralsund,Germany
Lubeck,Germany
Lubeck-Travemunde,Germany
Orth,Germany
Bremerhaven,Germany
Sassnitz,Germany
Neustadt,Germany
Wismar,Germany
Busum,Germany
Eckernforde,Germany
Brake,Germany
Heiligenhafen,Germany
Elsfleth,Germany
Kiel,Germany
Nordenham,Germany
Papenburg,Germany
Emden,Germany
Brunsbuttel Elbahafen,Germany
Bremen,Germany
Brunsbuttel Canal Terminals,Germany
Neuhaus,Germany
Kappeln,Germany
Husum,Germany
Gluckstadt,Germany
Rendsburg,Germany
Butzfleth,Germany
Rostock,Germany
Leer,Germany
Sekondi,Ghana
Takoradi,Ghana
Saltpond,Ghana
Tema,Ghana
Europa Point,Gibraltar
Kavala,Greece
Mikonos,Greece
Vrakhonisis Kallonis,Greece
Kerkira,Greece
Kali Limenes,Greece
Tsingeli,Greece
Plomarion,Greece
Piraievs,Greece
Nisos Naxos,Greece
Rethimnon,Greece
Volos,Greece
Khios,Greece
Ayios Nikolaos,Greece
Limin Kos,Greece
Pilos,Greece
Pithagorion,Greece
Soudha,Greece
Lagos,Greece
Aigio,Greece
Kalimnos,Greece
Miliana,Greece
Akra Kavonisi,Greece
Mitilini,Greece
Larimna,Greece
Ayios Nikolaos,Greece
Neon Karlovas,Greece
Stratoni,Greece
Lakki,Greece
Limin Sirou,Greece
Porthmos Evripou,Greece
Kymassi,Greece
Lavrio,Greece
Andros,Greece
Mesolongion,Greece
Samos,Greece
Milos,Greece
Patrai,Greece
Astakos,Greece
Spetses,Greece
Kalamata,Greece
Ormos Aliveriou,Greece
Megara Oil Terminal,Greece
Sitia,Greece
Iraklion,Greece
Navplio,Greece
Katakolon,Greece
Itea,Greece
Argostolion,Greece
Yithion,Greece
Gavrio,Greece
Preveza,Greece
Yerakini,Greece
Alexandroupoli,Greece
Achladi,Greece
Stilis,Greece
Thessaloniki,Greece
Rodhos,Greece
Qeqertarsuaq,Greenland
Marmorilik,Greenland
Narsarssuaq,Greenland
Maniitsoq,Greenland
Soendre Stroemfjord,Greenland
Qaqortoq,Greenland
Pituffik,Greenland
Nanortalik Havn,Greenland
Sisimiut,Greenland
Paamuit,Greenland
Kajalleq Upernavik,Greenland
Faeringehavn,Greenland
Uummannaq,Greenland
Illulissat,Greenland
Kusanartoq,Greenland
Ammassalik,Greenland
Attu,Greenland
Nuuk,Greenland
Gronnedal,Greenland
Qasigiannguit-Christianshab,Greenland
Aasiaat,Greenland
Narsaq,Greenland
Qutdleq,Greenland
St George's,Grenada
Basse Terre,Guadeloupe
Port Louis,Guadeloupe
Gustavia,Guadeloupe
Pointe A Pitre,Guadeloupe
Apra Harbor,Guam
Santo Tomas De Castilla,Guatemala
Puerto Barrios,Guatemala
Puerto Quetzal,Guatemala
Saint Sampson,Guernsey
Saint Peter Port,Guernsey
Alderney Harbour,Guernsey
Benti,Guinea
Kamsar,Guinea
Conakry,Guinea
Victoria,Guinea
Rio Cacheu,Guinea-Bissau
Bissau,Guinea-Bissau
Georgetown,Guyana
Linden,Guyana
New Amsterdam,Guyana
Port Au Prince,Haiti
Petit Goave,Haiti
Cap Haitien,Haiti
Miragoane,Haiti
Jacmel,Haiti
Tela,Honduras
Puerto Este,Honduras
Puerto Cortes,Honduras
Puerto Castilla,Honduras
La Ceiba,Honduras
Trujillo,Honduras
Puerto De Hencan,Honduras
Coxen Hole,Honduras
Hong Kong,Hong Kong
Skerjafjordur,Iceland
Eskifjordhur,Iceland
Reykjavik,Iceland
Grundartangi,Iceland
Budir,Iceland
Hornafjordur,Iceland
Husavik,Iceland
Hafnarfjordur,Iceland
Grenivik,Iceland
Saudarkrokur,Iceland
Dalvik,Iceland
Neskaupstadur,Iceland
Thingeyri,Iceland
Seydhisfjordhur,Iceland
Faskrudsfjordur,Iceland
Bolungarvik,Iceland
Isafjordur,Iceland
Bildudalur,Iceland
Vestmannaeyjar,Iceland
Grundarfjordur,Iceland
Litlisandur,Iceland
Stykkisholmur,Iceland
Thorlakshofn,Iceland
Skagastrond,Iceland
Raufarhofn,Iceland
Djupivogur,Iceland
Grindavik,Iceland
Siglufjorhurd,Iceland
Olafsfjordur,Iceland
Keflavik,Iceland
Vopnafjordur,Iceland
Patreksfjordur,Iceland
Thorshofn,Iceland
Akureyri,Iceland
Kopavogur,Iceland
Straumsvik,Iceland
Borgarnes,Iceland
Hvammstangi,Iceland
Seydisfjordur,Iceland
Sandgerdi,Iceland
Stodhvarfjordur,Iceland
Reydarfjordur,Iceland
Helguvik,Iceland
Mumbai,India
Beypore,India
Ratnagiri,India
Belekeri,India
Marmagao,India
Nagappattinam,India
Gopalpur,India
Dahej,India
Panaji,India
Kattupalli Port,India
Azhikal,India
Machilipatnam,India
Trivandrum,India
Kolachel,India
Calicut,India
Kandla,India
Okha,India
Pamban,India
Machilipatnam,India
Mundra,India
Bedi,India
Port Blair,India
Baleshwar,India
Navlakhi,India
Quilon,India
Paradip,India
Karaikal Port,India
Kakinada Bay,India
Gangavaram,India
Dhamra,India
Jafarabad,India
Jaigarh Bay,India
Port Dabhol,India
Krishnapatnam,India
Honavar,India
Tuticorin,India
Kochi,India
New Mangalore,India
Porbandar,India
Kamarajar Port,India
Vadinar Terminal,India
Cuddalore,India
Magdalla,India
Sikka,India
Vishakhapatnam,India
Chennai,India
Pipavav Bandar,India
Calcutta,India
Veraval,India
Pondicherry,India
Mandvi,India
Jawaharlal Nehru Port,India
Karwar,India
Haldia Port,India
Hazira,India
Bhavnagar,India
Lawi Lawi Oil Terminal,Indonesia
Lhokseumawe,Indonesia
Tahuna,Indonesia
Jabung Batanghari Marine Terminal,Indonesia
Waingapu,Indonesia
Poleng Oil Field,Indonesia
Lingkas,Indonesia
Tg. Sorong,Indonesia
Bengkalis,Indonesia
Belida Marine Terminal,Indonesia
Ende,Indonesia
Blanglancang,Indonesia
Bontang Lng Terminal,Indonesia
Donggala,Indonesia
Widuri Marine Terminal,Indonesia
Gresik,Indonesia
Tanjung Sangata,Indonesia
Jakarta,Indonesia
Belawan,Indonesia
Lalang Marine Terminal,Indonesia
Kota Baru,Indonesia
Sabang,Indonesia
Teluk Bayur,Indonesia
Sungaipakning,Indonesia
Surabaya,Indonesia
Cinta Oil Terminal,Indonesia
Teluk Beo,Indonesia
Pulau Sambu,Indonesia
Pangkalpinang,Indonesia
Udang Oilfield,Indonesia
Samarinda,Indonesia
Tarempah,Indonesia
Tanjung Sekong,Indonesia
Tanjungpinang,Indonesia
Ramba,Indonesia
Raha Roadstead,Indonesia
Jayapura,Indonesia
Amamapare,Indonesia
Tanjung Balai Karimun,Indonesia
Fakfak,Indonesia
Uleelheue,Indonesia
Ambon,Indonesia
Merauke,Indonesia
Kolonodale,Indonesia
Palembang,Indonesia
Celukan Bawang,Indonesia
Banjarmasin,Indonesia
Poso,Indonesia
Sungaigerong,Indonesia
Pomalaa,Indonesia
Dabo,Indonesia
Ampenan,Indonesia
Semarang,Indonesia
Saumlaki,Indonesia
Tegal,Indonesia
Pulau Baai,Indonesia
Patani,Indonesia
Benoa,Indonesia
Luwuk,Indonesia
Tanjunguban,Indonesia
Panjang,Indonesia
Toboali,Indonesia
Tanjung Arang,Indonesia
Parepare,Indonesia
Pangkalansusu,Indonesia
Manokwari Road,Indonesia
Belanak Field Terminal,Indonesia
Bula,Indonesia
Sailolof,Indonesia
Mangkasa Oil Terminal,Indonesia
Bitung,Indonesia
Salawati,Indonesia
Kasim Terminal,Indonesia
Blinyu,Indonesia
Pekalongan,Indonesia
Stagen,Indonesia
Tanah Merah,Indonesia
Serui,Indonesia
Kumai,Indonesia
Panarukan,Indonesia
Senipah Oil Terminal,Indonesia
Benoa,Indonesia
Kendari,Indonesia
Anyer Lor,Indonesia
Probolinggo,Indonesia
Tanjungpandan,Indonesia
Baubau,Indonesia
Tuban,Indonesia
Kijang,Indonesia
Tanjung Benete,Indonesia
Rembang,Indonesia
Gunung Batu Besar,Indonesia
Maumere,Indonesia
Balikpapan,Indonesia
Sibolga,Indonesia
Wahai,Indonesia
Muntok,Indonesia
Tanjung Santan,Indonesia
Sekupang,Indonesia
Kuala Tanjung,Indonesia
Labuhanhaji,Indonesia
Bengkulu,Indonesia
Ardjuna Oil Field,Indonesia
Cilacap,Indonesia
Tanjung Gerem,Indonesia
Kuala Kapus,Indonesia
Dumai,Indonesia
Labuha,Indonesia
Cirebon,Indonesia
Merak Mas Terminal,Indonesia
Banten,Indonesia
Tanjungredeb,Indonesia
Kupang,Indonesia
Manado,Indonesia
Pontianak,Indonesia
Ternate,Indonesia
Namlea,Indonesia
Sampit,Indonesia
Larantuka,Indonesia
Gorontalo,Indonesia
Ujung Pandang,Indonesia
North Pulau Laut Coal Terminal,Indonesia
Miei,Indonesia
Sirus Oil Terminal,Iran
Khorramshahr,Iran
Bandar Khomeyni,Iran
Abadan,Iran
Jazireh-Ye Sirri,Iran
Bandar Abbas,Iran
Khosrowabad,Iran
Bushehr,Iran
Chah Bahar,Iran
Barkan Oil-loading Terminal,Iran
Bandar-E Pars Terminal,Iran
Bandar Taheri Offshore Terminal,Iran
Bandar-E Shahid Reajie,Iran
Jazireh-Ye Hormoz,Iran
Jask,Iran
Jazireh-Ye Lavan Oil Terminal,Iran
Bandar-E Mahshahr,Iran
Kharg Island Oil Terminal,Iran
Khawr Al Zubair,Iraq
Al Basrah,Iraq
Khawr Al Zubair Lng Terminal,Iraq
Umm Qasr,Iraq
Khawr Al Amaya,Iraq
Al-Basra Oil Terminal,Iraq
Waterford,Ireland
Tarbert,Ireland
Rosslare,Ireland
Westport,Ireland
Limerick,Ireland
Galway,Ireland
Cork,Ireland
Killybegs,Ireland
Foynes,Ireland
Bantry,Ireland
Castletown Bearhaven,Ireland
Kilrush,Ireland
Dublin,Ireland
Greenore,Ireland
Rathmullan,Ireland
New Ross,Ireland
Valentia,Ireland
Drogheda,Ireland
Cobh,Ireland
Fenit,Ireland
Sligo,Ireland
Douglas,Isle of Man
Ramsey,Isle of Man
Haifa,Israel
Hadera,Israel
Ashqelon,Israel
Ashdod,Israel
Elat,Israel
Pozzuoli,Italy
Cala Pozzolana,Italy
Porto Ercole,Italy
Giardini Naxos,Italy
Catania,Italy
Forio,Italy
Torre Del Greco,Italy
Porto Torres,Italy
Porto Empedocle,Italy
Gela,Italy
Termini Imerese,Italy
Gioia Tauro,Italy
Brindisi,Italy
San Vito Lo Capo,Italy
Porto Cervo,Italy
Gallipoli,Italy
Pantelleria,Italy
Ciro Marina,Italy
Ponza,Italy
Monopoli,Italy
Riposta,Italy
Vibo Valentia Marina,Italy
Cala Volpe,Italy
Genova,Italy
Liscia Di Vacca,Italy
Sant'Antioco,Italy
Golfo Aranci,Italy
Castellammare Del Golfo,Italy
La Spezia,Italy
Bagnoli,Italy
Mola Di Bari,Italy
Alghero,Italy
Milazzo,Italy
Pescara,Italy
Otranto,Italy
Favignana,Italy
Carloforte,Italy
Livorno,Italy
Casamicciola,Italy
Savona,Italy
Cesenatico,Italy
Baia,Italy
Sciacca,Italy
Porto Santo Stefano,Italy
Porto Di Malamocco,Italy
Viareggio,Italy
Monfalcone,Italy
Giglio Porto,Italy
Lipari,Italy
Santa Panagia,Italy
Lampedusa,Italy
San Remo,Italy
Chiavari - Lavagna,Italy
Pozzallo,Italy
Fiumicino,Italy
Nogaro,Italy
Fano,Italy
Procida,Italy
Pesaro,Italy
Cagliari,Italy
Trieste,Italy
Porto Garibaldi,Italy
Formia,Italy
Senigallia,Italy
Castellammare Di Stabia,Italy
Giulianova,Italy
Licata,Italy
Vasto,Italy
Portoferraio,Italy
Trapani,Italy
Rada Di Vado,Italy
Marettimo,Italy
Porto Vesme,Italy
Reggio Di Calabria,Italy
Terracina,Italy
San Benedetto Del Tronto,Italy
Porto Ponte Romano,Italy
Gaeta,Italy
Torre Annunziata,Italy
Siracusa,Italy
Vada,Italy
Miseno,Italy
Muggia,Italy
Marina Di Carrara,Italy
Taranto,Italy
Arbatax,Italy
Messina,Italy
Molfetta,Italy
Anzio - Nettuno,Italy
Napoli,Italy
Manfredonia,Italy
Porto Di Lido-Venezia,Italy
Civitavecchia,Italy
Ancona,Italy
Bari,Italy
Porto Di Barletta,Italy
Crotone,Italy
Maddalena,Italy
Imperia,Italy
Marsala,Italy
Mazara Del Vallo,Italy
Olbia,Italy
Porto Di Oristano,Italy
Ortona,Italy
Sarroch Oil Terminal,Italy
Melilli Oil Terminal,Italy
San Felice Circeo,Italy
Salerno,Italy
Corigliano Calabro,Italy
Scalo Vecchio,Italy
Trani,Italy
Rimini,Italy
Ischia,Italy
Porto Di Chioggia,Italy
Grado,Italy
Villa San Giovanni,Italy
Civitanova Marche,Italy
Levanzo,Italy
Porto Di Palermo,Italy
Porto Di Corsini,Italy
Bisceglie,Italy
Augusta,Italy
Portovecchio Di Piombino,Italy
Montego Bay,Jamaica
Lucea,Jamaica
Port Esquivel,Jamaica
Savannah La Mar,Jamaica
Port Kaiser,Jamaica
Rio Bueno,Jamaica
Port Antonio,Jamaica
Falmouth,Jamaica
Kingston,Jamaica
Ocho Rios,Jamaica
Rocky Point,Jamaica
Yahata,Japan
Otaru Ko,Japan
Tanabe Ko,Japan
Ishigaki,Japan
Hanasaki Ko,Japan
Kisarazu Ko,Japan
Himekawa,Japan
Naoetsu Ko,Japan
Saiki Ko,Japan
Tachibana,Japan
Fushiki-Toyama,Japan
Mori,Japan
Kamaishi Ko,Japan
Aomori Ko,Japan
Imari,Japan
Hososhima Ko,Japan
Nanao Ko,Japan
Sakaiminato,Japan
Aokata,Japan
Komatsushima,Japan
Matsu-Shima,Japan
Sakata Ko,Japan
Miyako,Japan
Susaki Ko,Japan
Ofunato,Japan
Tsukumi Ko,Japan
Izuhara,Japan
Mombetsu Ko,Japan
Kesennuma Ko,Japan
Himeji,Japan
Hakodate Ko,Japan
Kashiwazaki,Japan
Amagasaki,Japan
Choshi,Japan
Abashiri Ko,Japan
Kanazawa,Japan
Fukui Ko,Japan
Isikari Wan,Japan
Miyazu,Japan
Yura,Japan
Esasi Ko,Japan
Nemuro Ko,Japan
Noshiro Ko,Japan
Ishinomaki Ko,Japan
Ishikari Bay New Port,Japan
Sakai Ko,Japan
Akita-Funakawa Ko,Japan
Hamada Ko,Japan
Kobe,Japan
Niigata Ko,Japan
Omaezaki Ko,Japan
Aioi,Japan
Eastern Part Of Niigata-Ko,Japan
Hibi Ko,Japan
Habu Ko,Japan
Maizuru Ko,Japan
Muturezima Ko,Japan
Niihama,Japan
Hitachi,Japan
Kanda,Japan
Beppu,Japan
Iwakuni Ko,Japan
Kagoshima Ko,Japan
Kushiro Ko,Japan
Misumi Ko,Japan
Nagasaki,Japan
Uwajima Ko,Japan
Onagawa,Japan
Hagi Ko,Japan
Muroran Ko,Japan
Wakkanai,Japan
Hirohata,Japan
Yokohama Ko,Japan
Tobata,Japan
Katsunan Ko,Japan
Funabashi,Japan
Mikawa,Japan
O0kihama,Japan
Mizushima Ko,Japan
Hiroshima,Japan
Kudamatsu,Japan
Hikari,Japan
Fukui,Japan
Mega,Japan
Hannan Ko,Japan
Kochi Ko,Japan
Marugame Ko,Japan
Hakata,Japan
Naha Ko,Japan
Yatsushiro Ko,Japan
Shimoda Ko,Japan
Soma,Japan
Tonda,Japan
Mishima-Kawanoe Ko,Japan
Kin Wan,Japan
Nakagusuku,Japan
Wakayama-Shimotsu Ko,Japan
Shimminato,Japan
Yawatahama,Japan
Matsuyama,Japan
Kure,Japan
Moji Ko,Japan
Onahama Ko,Japan
Chiba Ko,Japan
Kawasaki Ko,Japan
Atsumi,Japan
Kinuura Ko,Japan
Gamagori Ko,Japan
Matsusaka,Japan
Tokachi,Japan
Tokyo Ko,Japan
Kashima Ko,Japan
Saganoseki Ko,Japan
Kakogawa,Japan
Sasebo,Japan
Sakaide Ko,Japan
Toba,Japan
Sakai-Senboku,Japan
Takamatsu,Japan
Tokuyama,Japan
Mitsukojima,Japan
Yokkaichi,Japan
Shibushi Wan,Japan
Uraga Ko,Japan
Yokosuka Ko,Japan
Tsuruga Ko,Japan
Tateyama Ko,Japan
Shimonoseki,Japan
Shimizu Ko,Japan
Uno Ko,Japan
Yanai,Japan
Wakamatsu Ko,Japan
Higashi-Harima,Japan
Nagoya Ko,Japan
Shikama,Japan
Fukuyama,Japan
Ube Ko,Japan
Onomichi-Itozaki,Japan
Kanokawa Ko,Japan
Onoda,Japan
Oita Ko,Japan
Minamata Ko,Japan
Miike Ko,Japan
Karatsu,Japan
Hirara Ko,Japan
Kokura Ko,Japan
Takuma,Japan
Sendai-Shiogama,Japan
Tagonoura Ko,Japan
Tomakomai Ko,Japan
Uchiura,Japan
Hibikinada,Japan
Ryotu Ko,Japan
Kiire,Japan
Osaka,Japan
Rumoi Ko,Japan
Nishihara,Japan
Kikuma Ko,Japan
Hachinohe Ko,Japan
Namikata,Japan
Owase Ko,Japan
Imabari Ko,Japan
Shingu,Japan
Saint Helier Harbour,Jersey
Johnston Atoll,Johnson Atoll
Al Aqabah,Jordan
Kilifi,Kenya
Lamu,Kenya
Mombasa,Kenya
Malindi,Kenya
English Harbor,Kiribati
Tarawa Atoll,Kiribati
Canton Island,Kiribati
Mina Al Ahmadi,Kuwait
Mina Ash Shuaybah,Kuwait
Doha Harbor,Kuwait
Mina Az Zawr,Kuwait
Mina Abd Allah,Kuwait
Al Kuwayt,Kuwait
Riga,Latvia
Ventspils,Latvia
Liepaja,Latvia
Salacgriva,Latvia
Lielupe,Latvia
Tarabulus,Lebanon
Bayrut,Lebanon
Sayda,Lebanon
Selaata,Lebanon
Sidon/zahrani Terminal,Lebanon
Buchanan,Liberia
Monrovia,Liberia
Cape Palmas,Liberia
Greenville,Liberia
Misratah,Libya
Abu Khammash,Libya
Ras   Lanuf,Libya
Ez Zueitina,Libya
Banghazi,Libya
Al Burayqah,Libya
Marsa Sabratah,Libya
Az Zawiya,Libya
Khoms,Libya
Mersa Tobruq,Libya
As Sidr,Libya
Bouri Oil Field,Libya
Mina Tarabulus,Libya
Darnah,Libya
Butinge Oil Terminal,Lithuania
Klaipeda,Lithuania
Macau,Macau
Morondava,Madagascar
Manakara,Madagascar
Antsiranana,Madagascar
Mahajanga,Madagascar
Andoany,Madagascar
Maroantsetra,Madagascar
Maintirano,Madagascar
Mananjary,Madagascar
Toamasina,Madagascar
Tolanaro,Madagascar
Toliara,Madagascar
Antsohim Bondrona,Madagascar
Iharana,Madagascar
Kudat,Malaysia
Pelabuhan Bass,Malaysia
Melaka,Malaysia
Lumut,Malaysia
Miri,Malaysia
Bakapit,Malaysia
Mostyn,Malaysia
Muar,Malaysia
Sapangar Bay,Malaysia
Port Klang,Malaysia
Pulau Pinang,Malaysia
Lutong,Malaysia
Kuching,Malaysia
Pelabuhan Sandakan,Malaysia
Port Langkawi,Malaysia
Lahad Datu,Malaysia
Sibu,Malaysia
Tanjung Pelepas,Malaysia
Tawa,Malaysia
Tg. Mani,Malaysia
Kuala Trengganu,Malaysia
Kota Kinabalu,Malaysia
Bintangor,Malaysia
Tapis Marine Terminal A,Malaysia
Victoria,Malaysia
Kemaman Harbor,Malaysia
Sarikei,Malaysia
Kirteh Oil Terminal,Malaysia
Malong Marine Terminal,Malaysia
Port Dickson,Malaysia
Johor,Malaysia
Kuantan New Port,Malaysia
Bintulu Port,Malaysia
Teluk Anson,Malaysia
Pelabuhan Sungai Udang,Malaysia
Male,Maldives
Valletta Harbors,Malta
Marsaxlokk,Malta
Kwajalein,Marshall Islands
Majuro Atoll,Marshall Islands
Enitwetak Island,Marshall Islands
Fort De France,Martinique
Nouakchott,Mauritania
Nouadhibou,Mauritania
Port Louis,Mauritius
Port Mathurin,Mauritius
Ciudad Del Carmen,Mexico
Progreso,Mexico
Cayo Arcas Terminal,Mexico
Frontera,Mexico
Pichilingue,Mexico
Altamira,Mexico
Tampico,Mexico
Punta Venado,Mexico
Salina Cruz,Mexico
Puerto Progreso,Mexico
Veracruz,Mexico
Minatitlan,Mexico
Puerto Morelos,Mexico
Tuxpan,Mexico
Topolobampo,Mexico
Rosarito,Mexico
Puerto Costa Maya,Mexico
Mazatlan,Mexico
Puerto Madero,Mexico
Nanchital,Mexico
Acapulco,Mexico
Campeche,Mexico
San Juan De La Costa,Mexico
Ensenada,Mexico
Lazaro Cardenas,Mexico
Puerto Morro Redondo,Mexico
La Paz,Mexico
Guaymas,Mexico
Santa Rosalia,Mexico
Manzanillo,Mexico
Coatzacoalcos,Mexico
Isla San Marcos,Mexico
San Miguel De Cozumel,Mexico
Puerto Vallarta,Mexico
Dos Bocas Terminal,Mexico
Midway Island,Midway Islands
Monaco,Monaco
Risan,Montenegro
Tivat,Montenegro
Kotor,Montenegro
Bar,Montenegro
El Jadida,Morocco
Casablanca,Morocco
Agadir,Morocco
Safi,Morocco
Tangier-Mediterranean,Morocco
Kenitra,Morocco
Essaouira,Morocco
Mohammedia,Morocco
Port Nador,Morocco
El Jorf Lasfar,Morocco
Tanger,Morocco
Port D Al Hoceima,Morocco
Pemba,Mozambique
Chinde,Mozambique
Quelimane,Mozambique
Nacala,Mozambique
Ibo,Mozambique
Porto Belo,Mozambique
Mocambique,Mozambique
Inhambane,Mozambique
Maputo,Mozambique
Pebane,Mozambique
Beira,Mozambique
Walvis Bay,Namibia
Luderitz Bay,Namibia
Nauru,Nauru
Hansweert,Netherlands
Dordrecht,Netherlands
Amsterdam,Netherlands
Ijmuiden,Netherlands
Den Helder,Netherlands
Vlissingen,Netherlands
Delfzijl,Netherlands
Schiedam,Netherlands
Vlaardingen,Netherlands
Maassluis,Netherlands
Harlingen,Netherlands
Hoek Van Holland,Netherlands
Europoort,Netherlands
Zaandam,Netherlands
Terneuzen,Netherlands
Rotterdam,Netherlands
Eemshaven,Netherlands
Scheveningen,Netherlands
Noumea,New Caledonia
Baie De Kouaoua,New Caledonia
Baie Ugue,New Caledonia
Opua,New Zealand
Greymouth,New Zealand
Nelson,New Zealand
Whangarei,New Zealand
Timaru,New Zealand
Manukau Harbor,New Zealand
Bluff Harbor,New Zealand
New Plymouth,New Zealand
Otago Harbor,New Zealand
Port Lyttelton,New Zealand
Tauranga,New Zealand
Tarakohe,New Zealand
Westport,New Zealand
Napier,New Zealand
Akaroa,New Zealand
Wanganui,New Zealand
Collingwood,New Zealand
Wellington,New Zealand
Picton,New Zealand
Gisborne,New Zealand
Auckland,New Zealand
Whangaroa,New Zealand
Puerto Sandino,Nicaragua
Corinto,Nicaragua
Bluefields,Nicaragua
El Bluff,Nicaragua
Puerto Cabezas,Nicaragua
Okwori Terminal,Nigeria
Okrika,Nigeria
Yoho Terminal,Nigeria
Bonny Offshore Terminal,Nigeria
Calabar,Nigeria
Tin Can Island,Nigeria
Ukpokiti Marine Terminal,Nigeria
Pennington Oil Terminal,Nigeria
Brass Oil Terminal,Nigeria
Warri,Nigeria
Sea Eagle Terminal,Nigeria
Antan Oil Terminal,Nigeria
Qua Iboe Oil Terminal,Nigeria
Lagos,Nigeria
Escravos Oil Terminal,Nigeria
Sapele,Nigeria
Koko,Nigeria
Forcados,Nigeria
Burutu,Nigeria
Egina Oil Terminal,Nigeria
Onne,Nigeria
Odudu Terminal,Nigeria
Okono Terminal,Nigeria
Akpo Oil Terminal,Nigeria
Forcados Oil Terminal,Nigeria
Bonny,Nigeria
Agbami Oil Terminal,Nigeria
Port Harcourt,Nigeria
Alofi,Niue
Kingston,Norfolk Island
Najin,North Korea
Nampo,North Korea
Wonsan,North Korea
Senbong,North Korea
Hungnam,North Korea
Kimch'aek,North Korea
Haeju Hang,North Korea
Ch'ongjin,North Korea
Ch'aho,North Korea
Kyomip'o,North Korea
Saipan,Northern Mariana Islands
Tinian,Northern Mariana Islands
Rota,Northern Mariana Islands
Sandnessjoen,Norway
Drag,Norway
Hemnesberget,Norway
Espevaer,Norway
Karsto,Norway
Mongstad,Norway
Ardalstangen,Norway
Fauske,Norway
Alesund,Norway
Kristiansund,Norway
Moldtustranda,Norway
Bud,Norway
Brettesnes,Norway
Haroysund,Norway
Andalsnes,Norway
Orstav,Norway
Fagerstrand,Norway
Skrova Havn,Norway
Hareid,Norway
Kambo,Norway
Maloy,Norway
Namsos,Norway
Akrahamn,Norway
Kjollefjorden,Norway
Odda,Norway
Kopervik,Norway
Sarpsborg,Norway
Finnsnes,Norway
Andenes,Norway
Arendal,Norway
Rorvik,Norway
Svelvik,Norway
Ulvik,Norway
Skien,Norway
Berlevag,Norway
Halden,Norway
Holmestrand,Norway
Narvik,Norway
Tofte,Norway
Tranneset,Norway
Reine,Norway
Sjovegan,Norway
Vadso,Norway
Farsund,Norway
Olavsvern,Norway
Leirvik,Norway
Henningsvaer,Norway
Mosterhamn,Norway
Hommelvik,Norway
Brattholmen,Norway
Meling,Norway
Bodo,Norway
Flekkefjorden,Norway
Mo I Rana,Norway
Sauda,Norway
Medby,Norway
Tonsberg,Norway
Alta,Norway
Porsgrunn,Norway
Fredrikstad,Norway
Moss,Norway
Hammerfest,Norway
Kvalsund,Norway
Honningsvag,Norway
Glomfjord,Norway
Ornes,Norway
Levanger,Norway
Lakselv,Norway
Strandvik,Norway
Tvedestrand,Norway
Tranoy,Norway
Stokkmarknes,Norway
Horten,Norway
Larvik,Norway
Brevik,Norway
Kragero,Norway
Thamshamm,Norway
Valloy,Norway
Oslo,Norway
Sandefjorden,Norway
Talvik,Norway
Svolvaer,Norway
Stamsund,Norway
Korsnes,Norway
Rognan,Norway
Litle Ballangen,Norway
Lilandsgrunnen,Norway
Rekefjord,Norway
Lodingen,Norway
Ballstad,Norway
Storsteilene,Norway
Sortland,Norway
Tananger,Norway
Stusvik,Norway
Tromso,Norway
Sagvag,Norway
Mehamnfjorden,Norway
Drammen,Norway
Drobak,Norway
Fiborgtangen,Norway
Jossingfjord,Norway
Nesna,Norway
Haakonsvern,Norway
Skudeneshavn,Norway
Stura,Norway
Vardo,Norway
Tjotta,Norway
Sorvaer,Norway
Vaksdal,Norway
Kirkenes,Norway
Steinkjer,Norway
Harstad,Norway
Sunndalsora,Norway
Norheimsund,Norway
Trondheim,Norway
Kjerringoy,Norway
Bredvik,Norway
Batsfjorden,Norway
Langstein,Norway
Salsbruket,Norway
Slagenstangen,Norway
Djupviken,Norway
Muruvik,Norway
Oksfjord,Norway
Kristiansand,Norway
Molde,Norway
Mandal,Norway
Floro,Norway
Egersund,Norway
Haugesund,Norway
Husnes,Norway
Bergen,Norway
Gibostad,Norway
Stavanger,Norway
Malm,Norway
Kirkehamn,Norway
Sandnes,Norway
Risor,Norway
Mosjoen,Norway
Bronnoysund,Norway
Berg,Norway
Qalhat Lng Terminal,Oman
Duqm,Oman
Sohar,Oman
Mina Al Fahl,Oman
Khawr Khasab,Oman
Mina Raysut,Oman
Mina Qabus,Oman
Gwadar,Pakistan
Karachi,Pakistan
Muhamamad Bin Qasim,Pakistan
Malakal Harbor,Palau
Charco Azul,Panama
Bocas Del Toro,Panama
Chiriqui Grande,Panama
Balboa,Panama
Puerto Cristobal,Panama
Almirante,Panama
Puerto Colon,Panama
Vacamonte,Panama
Pedregal,Panama
Puerto Armuelles,Panama
Bahia De Las Minas,Panama
Punta Rincon,Panama
Longan Island,Papua New Guinea
Port Moresby,Papua New Guinea
Kokopo,Papua New Guinea
Daru,Papua New Guinea
Samarai,Papua New Guinea
Hamburg Harbor,Papua New Guinea
Alotoa,Papua New Guinea
Kimbe,Papua New Guinea
Madang,Papua New Guinea
Wewak Harbor,Papua New Guinea
Oro Bay,Papua New Guinea
Vanimo,Papua New Guinea
Kumul,Papua New Guinea
Bialla,Papua New Guinea
Queen Carola Harbor,Papua New Guinea
Rabaul,Papua New Guinea
Kavieng Harbor,Papua New Guinea
Discovery Bay,Papua New Guinea
Kieta,Papua New Guinea
Lorengau,Papua New Guinea
Suloga Harbor,Papua New Guinea
Lae,Papua New Guinea
Puerto De Asuncion,Paraguay
Iquitos,Peru
Puerto Supe,Peru
Puerto Del Callao,Peru
La Pampilla Oil Terminal,Peru
Talara,Peru
Puerto Cabo Blanco,Peru
Puerto De Huacho,Peru
Puerto De Chimbote,Peru
Punta Lobitos,Peru
Puerto Ilo,Peru
Conchan Oil Terminal,Peru
Bahia De Matarani,Peru
Salaverry,Peru
Puerto Bayovar,Peru
Caleta Lobitos,Peru
Bahia De Ancon,Peru
Bahia San Nicolas,Peru
Pimentel,Peru
Chancay,Peru
Paita,Peru
Pulupandan,Philippines
Batangas City,Philippines
Polloc,Philippines
Virac,Philippines
Santa Cruz,Philippines
Tubigan,Philippines
Puerto Princesa,Philippines
Zamboanga,Philippines
Tabaco,Philippines
Hinatuan,Philippines
Mariveles,Philippines
Jose Panganiban,Philippines
Tagbilaran,Philippines
Port San Vicente,Philippines
Davao,Philippines
Basilian City,Philippines
Laoang,Philippines
Guiuan,Philippines
Catbalogan,Philippines
Jolo,Philippines
Cebu,Philippines
Lazi,Philippines
Iloilo,Philippines
Subic Bay,Philippines
Masbate,Philippines
San Carlos,Philippines
Masinloc,Philippines
Villanueva,Philippines
Pagadian,Philippines
Sorsogon,Philippines
Nasugbu,Philippines
Palompon,Philippines
Santa Clara,Philippines
Port Borongan,Philippines
Gingoog,Philippines
Ormoc,Philippines
Margosatubig,Philippines
Maasin,Philippines
Mangagoy,Philippines
Baybay,Philippines
Isabel,Philippines
Port Holland,Philippines
Claveria,Philippines
Basco,Philippines
Hondagua,Philippines
Port Romblon,Philippines
Calapan,Philippines
Tacloban,Philippines
Bais,Philippines
Surigao City,Philippines
Siasi,Philippines
Jimenez,Philippines
San Fernando Harbor,Philippines
Port Ozamis,Philippines
Butuan City,Philippines
Cagayan De Oro,Philippines
Iligan,Philippines
Legazpi Port,Philippines
Dumaguete,Philippines
Aparri,Philippines
Port Capiz,Philippines
General Santos,Philippines
Nasipit Port,Philippines
Manila,Philippines
Mati,Philippines
Bugo,Philippines
Toledo,Philippines
Tanauan,Philippines
Jordan,Philippines
Masao,Philippines
Ustka,Poland
Port Polnochny,Poland
Gdynia,Poland
Darlowo,Poland
Szczecin,Poland
Nowy Port,Poland
Police,Poland
Gdansk,Poland
Kolobrzeg,Poland
Swinoujscie,Poland
Lajes,Portugal
Praia De Vitoria,Portugal
Lagos,Portugal
Vila Real De S Antonio,Portugal
Ponta Delgada,Portugal
Oporto,Portugal
Angra Do Heroismo,Portugal
Faro,Portugal
Vila Do Porto,Portugal
Setubal,Portugal
Sines,Portugal
Aveiro,Portugal
Figueira Da Foz,Portugal
Viana Do Castelo,Portugal
Horta,Portugal
Lisboa,Portugal
Funchal,Portugal
Porto De Leixoes,Portugal
Arecibo,Puerto Rico
Playa De Guanica,Puerto Rico
Puerto Yabucoa,Puerto Rico
Playa De Ponce,Puerto Rico
Playa De Humacao,Puerto Rico
San Juan,Puerto Rico
Playa De Guayanilla,Puerto Rico
Las Mareas,Puerto Rico
Ensenada Honda,Puerto Rico
Mayaguez,Puerto Rico
Aguadilla,Puerto Rico
Bahia De Fajardo,Puerto Rico
Bahia De Jobos,Puerto Rico
Arroyo,Puerto Rico
Al Rayyan Terminal,Qatar
Doha,Qatar
Ras Laffan,Qatar
Umm Said,Qatar
Jazirat Halul,Qatar
Al Shaheen Terminal,Qatar
Saint-Denis,Reunion
Port Ouest,Reunion
Port Est,Reunion
Saint-Pierre,Reunion
Sulina,Romania
Mangalia,Romania
Galati,Romania
Constanta,Romania
Braila,Romania
Danube-Black Sea Canal,Romania
Basarabi,Romania
Cernavoda,Romania
Midia,Romania
Medgidia,Romania
Tulcea,Romania
Bukhta Gaydamak,Russia
Vyborg,Russia
Shakhtersk,Russia
Bukhta Vanino,Russia
Okha,Russia
Lesogorsk,Russia
Sovetskaya Gavan,Russia
Lazarev,Russia
Sochi,Russia
Provideniya,Russia
Kaliningrad,Russia
Kronshtadt,Russia
Bukhta Nagayeva,Russia
Kholmsk,Russia
Vladivostok,Russia
Nikolayevsk Na Amur,Russia
Vitaz Marine Terminal,Russia
Pevek,Russia
Murmansk,Russia
Arkhangels'k,Russia
Slavyanka,Russia
De Kastri,Russia
Primorsk,Russia
Nikol Skoye,Russia
Port Dikson,Russia
Azov,Russia
Port Beringovsky,Russia
Korsakov,Russia
Lomonosov,Russia
Igarka,Russia
Novorossiysk,Russia
Zarubino,Russia
Uglegorsk,Russia
Vostochnyy,Russia
Adler,Russia
Gelendzhik,Russia
Sankt-Peterburg,Russia
Ust Luga,Russia
Nakhodka,Russia
Pos'yet,Russia
Tuapse,Russia
Poronaysk,Russia
Temryuk,Russia
Anapa,Russia
Petropavlovsk,Russia
Mys Rogatyy Oktyabrskiy,Russia
Kavkaz Oil Terminal,Russia
Aleksandrovsk -Sakhalinskiy,Russia
Nevelsk,Russia
Mezen,Russia
Severodvinsk,Russia
Ostrovnoy Gremikha,Russia
Vitino,Russia
Rostov-Na-Donu,Russia
Yeysk,Russia
Dudinka,Russia
Shakotan,Russia
Taganrog,Russia
Tiksi,Russia
Okhotsk Iy Reyd,Russia
Baltiysk,Russia
Mys Abram,Russia
Gavan Vysotsk,Russia
Rabocheostrovsk,Russia
Moskal Vo,Russia
Kandalaksha,Russia
Bolshaya Piryu Guba,Russia
North Point,"Saint Helena, Ascension, and Tristan da Cunha"
Georgetown,"Saint Helena, Ascension, and Tristan da Cunha"
Edinburgh Of The Seven Seas,"Saint Helena, Ascension, and Tristan da Cunha"
Jamestown,"Saint Helena, Ascension, and Tristan da Cunha"
Charlestown,Saint Kitts and Nevis
Basseterre,Saint Kitts and Nevis
Grand Cul De Sac Bay,Saint Lucia
Castries,Saint Lucia
Vieux Fort,Saint Lucia
Port De St Pierre,Saint Pierre and Miquelon
Miquelon,Saint Pierre and Miquelon
Kingstown,Saint Vincent and the Grenadines (Windward Islands)
Apia,Samoa
Santo Antonio,Sao Tome and Principe
Sao Tome,Sao Tome and Principe
Dammam,Saudi Arabia
Ju Aymah Oil Terminal,Saudi Arabia
Ras  Tannurah,Saudi Arabia
Al Jubayl,Saudi Arabia
Jizan,Saudi Arabia
Ras Al Khafji,Saudi Arabia
Duba Bulk Plant Tanker Terminal,Saudi Arabia
Sharmah,Saudi Arabia
Ras Al Ghar,Saudi Arabia
Ras Al Mishab,Saudi Arabia
King Fahd Port,Saudi Arabia
Ju Aymah Lpg Terminal,Saudi Arabia
Jiddah,Saudi Arabia
Duba,Saudi Arabia
Yanbu,Saudi Arabia
Rabigh,Saudi Arabia
Lyndiane,Senegal
Dakar,Senegal
St Louis,Senegal
Rufisque,Senegal
M Bao Oil Terminal,Senegal
Karabane,Senegal
Victoria,Seychelles
Pepel,Sierra Leone
Freetown,Sierra Leone
Bonthe,Sierra Leone
Keppel -,Singapore
Serangoon Harbor,Singapore
Pulau Bukom,Singapore
Jurong Island,Singapore
Pulau Sebarok,Singapore
Coles Bay Oil Terminal,Sint Maarten
Philipsburg,Sint Maarten
Piran,Slovenia
Koper,Slovenia
Ringgi Cove,Solomon Islands
Gizo Harbor,Solomon Islands
Tulaghi,Solomon Islands
Honiara,Solomon Islands
Port Noro,Solomon Islands
Yandina,Solomon Islands
Marka,Somalia
Berbera,Somalia
Baraawe,Somalia
Muqdisho,Somalia
Boosaaso,Somalia
Kismaayo,Somalia
Durban,South Africa
Richards Bay,South Africa
Mossel Bay,South Africa
Cape Town,South Africa
East London,South Africa
Simonstown,South Africa
Saldanha Bay,South Africa
Port Elizabeth,South Africa
Grytviken,South Georgia and South Sandwich Islands
Stromness Harbor,South Georgia and South Sandwich Islands
Prince Olav Harbor,South Georgia and South Sandwich Islands
Daesan Hang,South Korea
Mokpo,South Korea
Masan,South Korea
Pohang,South Korea
Kunsan,South Korea
Busan,South Korea
Mukho,South Korea
Inchon,South Korea
Ulsan,South Korea
Pyeongtaek Hang,South Korea
Tonghae,South Korea
Chinae,South Korea
Sokch'o Hang,South Korea
Gwangyang Hang,South Korea
Las Hormigas,Spain
Algeciras,Spain
Islas Hormigas,Spain
Aviles,Spain
Ribadeo,Spain
Puerto De Pasajes,Spain
Villagarcia De Arosa,Spain
Marin,Spain
Motril,Spain
Almeria,Spain
Sevilla,Spain
San Feliu De Guixols,Spain
Malaga,Spain
Gijon,Spain
Ferrol,Spain
San Ciprian,Spain
Huelva,Spain
La Coruna,Spain
Hornillo,Spain
Cadiz,Spain
Tarragona,Spain
Puerto De Alcudia,Spain
Vigo,Spain
Ceuta,Spain
Villanueva Y Geltru,Spain
Puerto Del Rosario,Spain
El Grao,Spain
Ibiza,Spain
Valencia,Spain
Cartagena,Spain
Santa Cruz De Tenerife,Spain
Mahon,Spain
Puerto De Carboneras,Spain
Burriana,Spain
Puerto De Bilbao,Spain
Palamos,Spain
Las Palmas,Spain
Rosas,Spain
Santa Cruz De La Palma,Spain
Alicante,Spain
Torrevieja,Spain
Rota,Spain
Barcelona,Spain
Sagunto,Spain
Palma De Mallorca,Spain
Santander,Spain
Puerto De Gandia,Spain
Bermeo,Spain
Puerto De Garrucha,Spain
Adra,Spain
Aguilas,Spain
Arrecife,Spain
Hambantota,Sri Lanka
Batticaloa Roads,Sri Lanka
Kankesanturai,Sri Lanka
Trincomalee Harbor,Sri Lanka
Colombo,Sri Lanka
Galle Harbor,Sri Lanka
Beshayer Oil Terminal,Sudan
Port Sudan,Sudan
Al Khair Oil Terminal,Sudan
Sawakin Harbor,Sudan
Paranam,Suriname
Moengo,Suriname
Nieuw Nickerie,Suriname
Paramaribo,Suriname
Ny Alesund,Svalbard
Longyearbyen,Svalbard
Barentsburg,Svalbard
Vastervik,Sweden
Storugns,Sweden
Uddevalla,Sweden
Sandhamn,Sweden
Skelleftehamn,Sweden
Stromstad,Sweden
Ystad,Sweden
Ornskoldsvik,Sweden
Vallvik,Sweden
Vasteras,Sweden
Stora Jatterson,Sweden
Utansjo,Sweden
Oxelosund,Sweden
Umea Hamn,Sweden
Sodertalje,Sweden
Ronneby,Sweden
Sandvik,Sweden
Bollstabruk,Sweden
Kopmanholmen,Sweden
Nordmaling,Sweden
Obbola,Sweden
Gumbodahamn,Sweden
Stenungsund,Sweden
Kagehamn,Sweden
Hudiksvall,Sweden
Sandarne,Sweden
Vaja,Sweden
Rundvik,Sweden
Trelleborg,Sweden
Ronehamn,Sweden
Stockholm,Sweden
Visby,Sweden
Soraker,Sweden
Varberg,Sweden
Solvesborg,Sweden
Karskar,Sweden
Gustavsberg,Sweden
Ulvvik,Sweden
Skutskar,Sweden
Stockvik,Sweden
Slite,Sweden
Vivstavarv,Sweden
Sundsvall,Sweden
Pitea,Sweden
Hallstavik,Sweden
Stocka,Sweden
Verkeback,Sweden
Oskarshamn,Sweden
Bovallstrand,Sweden
Marstrand,Sweden
Hoganas,Sweden
Norrkoping,Sweden
Soderhamn,Sweden
Simrishamn,Sweden
Torehamn,Sweden
Karlshamn,Sweden
Nykoping,Sweden
Limhamn,Sweden
Karlskrona,Sweden
Kalmar,Sweden
Fjallbacka,Sweden
Nynashamn,Sweden
Gavle,Sweden
Lulea,Sweden
Karlsborg,Sweden
Lunde,Sweden
Gustavsvik,Sweden
Malmo,Sweden
Harnosand,Sweden
Norrsundet,Sweden
Hargshamn,Sweden
Grisslehamn,Sweden
Klintehamn,Sweden
Farosund,Sweden
Grebbestad,Sweden
Degerhamn,Sweden
Figeholm,Sweden
Bergkvara,Sweden
Halmstad,Sweden
Iggesund,Sweden
Landskrona,Sweden
Hunnebostrand,Sweden
Falkenberg,Sweden
Goteborg,Sweden
Brannfors,Sweden
Husum,Sweden
Domsjo,Sweden
Kramfors,Sweden
Ahus,Sweden
Helsingborg,Sweden
Lysekil,Sweden
Brofjorden,Sweden
Baniyas,Syria
Tartus,Syria
Al Ladhiqiyah,Syria
Mailiao,Taiwan
Chi-Lung,Taiwan
Hua-Lien Kang,Taiwan
Kao-Hsiung,Taiwan
Tai-Chung Kang,Taiwan
Tan-Shui,Taiwan
Peng-Hu Kang,Taiwan
Su-Ao,Taiwan
Chake Chake,Tanzania
Dar Es Salaam,Tanzania
Mjimwema Terminal,Tanzania
Tanga,Tanzania
Mtwara,Tanzania
Mikindani,Tanzania
Kilwa Kivinje,Tanzania
Zanzibar,Tanzania
Laem Chabang,Thailand
Petchburi Terminal,Thailand
Si Racha Terminal,Thailand
Siam Seaport,Thailand
Ko Si Chang Terminal,Thailand
Si Racha,Thailand
Songkhla Harbor,Thailand
Sattahip,Thailand
Benchamas Terminal,Thailand
Khanom,Thailand
Phuket,Thailand
Erawan Terminal,Thailand
Rayong Tpi Terminal,Thailand
Pattani,Thailand
Map Ta Phut,Thailand
Krabi,Thailand
Bongkot Terminal,Thailand
Bangkok,Thailand
Bang Saphan,Thailand
Kantang Harbor,Thailand
Tantawan Marine Terminal,Thailand
Freeport,The Bahamas
Clifton Pier,The Bahamas
South Riding Point,The Bahamas
Nassau,The Bahamas
Cockburn Town,The Bahamas
Matthew Town,The Bahamas
Banjul,The Gambia
Dili,Timor-Leste
Kpeme,Togo
Lome,Togo
Pangai,Tonga
Neiafu,Tonga
Nuku Alofa,Tonga
Chaguaramas,Trinidad and Tobago
Point Lisas Industrial Port,Trinidad and Tobago
Anse Tembladora,Trinidad and Tobago
Pointe A Pierre,Trinidad and Tobago
Point Lisas Port,Trinidad and Tobago
Brighton,Trinidad and Tobago
Point Fortin,Trinidad and Tobago
Galeota Point Terminal,Trinidad and Tobago
Port Of Spain,Trinidad and Tobago
Scarborough,Trinidad and Tobago
Mahdia,Tunisia
Didon Terminal,Tunisia
Tunis,Tunisia
Zarzis,Tunisia
Ashtart Oil Terminal,Tunisia
Menzel Bourguiba,Tunisia
Sousse,Tunisia
Tabarka,Tunisia
Gabes,Tunisia
Rades,Tunisia
La Goulette,Tunisia
Houmt Souk,Tunisia
Tazerka Oil Terminal,Tunisia
Skhira,Tunisia
Banzart,Tunisia
Mersa Sfax,Tunisia
Antalya Offshore Terminal,Turkey
Antalya,Turkey
Izmir,Turkey
Mudanya,Turkey
Botas Dortyol Oil Terminal,Turkey
Eceabat,Turkey
Bodrum,Turkey
Dikili,Turkey
Trabzon,Turkey
Bandirma,Turkey
Nemrut Limani Bay,Turkey
Tekirdag,Turkey
Izmit,Turkey
Yakacik,Turkey
Mersin,Turkey
Inebolu,Turkey
Samsun,Turkey
Yarimca,Turkey
Erdek,Turkey
Tasucu,Turkey
Ambarli,Turkey
Istinye,Turkey
Toros Gubre,Turkey
Rize,Turkey
Borusan Fertilizer Jetty,Turkey
Aliaga,Turkey
Botas,Turkey
Aksaz Limani,Turkey
Fethiye,Turkey
Ayvalik,Turkey
Sinop,Turkey
Golcuk Burnu,Turkey
Defterdar Burnu,Turkey
Gebze,Turkey
Botas Natural Gas Terminal,Turkey
Eregli,Turkey
Hopa,Turkey
Kaba Burnu,Turkey
Giresun,Turkey
Gemlik,Turkey
Iskenderun,Turkey
Marmaris,Turkey
Istanbul,Turkey
Kusadasi,Turkey
Gulluk,Turkey
Delta Terminal,Turkey
Karabiga,Turkey
Canakkale,Turkey
Haydarpasa,Turkey
Zonguldak,Turkey
Derince Burnu,Turkey
Alanya,Turkey
Ordu,Turkey
Gelibolu,Turkey
Grand Turk,Turks and Caicos Islands
Cockburn Harbor,Turks and Caicos Islands
Providenciales,Turks and Caicos Islands
Funafuti Atoll,Tuvalu
Christiansted,U.S. Virgin Islands
Frederiksted,U.S. Virgin Islands
Cruz Bay,U.S. Virgin Islands
Charlotte Amalie,U.S. Virgin Islands
Limetree Bay,U.S. Virgin Islands
Port Alucroix,U.S. Virgin Islands
Kerch,Ukraine
Feodosiya,Ukraine
Kherson,Ukraine
Illichivsk,Ukraine
Ust-Dunaisk,Ukraine
Odesa,Ukraine
Sudak,Ukraine
Reni,Ukraine
Yalta,Ukraine
Izmayil,Ukraine
Skadovs'k,Ukraine
Port Oktyabrsk,Ukraine
Dnipro-Buzkyy,Ukraine
Mariupol,Ukraine
Kyrylivka,Ukraine
Balaklava,Ukraine
Belgorod-Dnestrovsky,Ukraine
Yevpatoriya,Ukraine
Mykolayiv,Ukraine
Chornomors Ke,Ukraine
Henichesk,Ukraine
Khorly,Ukraine
Alushta,Ukraine
Yuzhnyy,Ukraine
Berdyansk,Ukraine
Sevastopol,Ukraine
Khawr Fakkan,United Arab Emirates
Zirkuh Oil Field,United Arab Emirates
Al Jazeera Port,United Arab Emirates
Umm Al Qaywayn,United Arab Emirates
Ajman,United Arab Emirates
Zirkuh,United Arab Emirates
Mina Saqr,United Arab Emirates
Mina Jabal Ali,United Arab Emirates
Sharjah Offshore Terminal,United Arab Emirates
Jazirat Das,United Arab Emirates
Abu Zaby,United Arab Emirates
Umm An Nar,United Arab Emirates
Jabal Az Zannah/ruways,United Arab Emirates
Hulaylah Oil Terminal,United Arab Emirates
Fateh Oil Terminal,United Arab Emirates
Ash Shariqah,United Arab Emirates
Dubayy,United Arab Emirates
Al Hamriyah Lpg Terminal,United Arab Emirates
Mubarraz Oil Terminal,United Arab Emirates
Al Fujayrah,United Arab Emirates
Rye Harbour,United Kingdom
Plockton,United Kingdom
Ornsay,United Kingdom
Southampton,United Kingdom
Tobermory,United Kingdom
Warren Point,United Kingdom
Watchet Harbor,United Kingdom
Perth,United Kingdom
Rothesay Harbor,United Kingdom
Tilbury,United Kingdom
Thamesport,United Kingdom
Penzance,United Kingdom
Ullapool,United Kingdom
South Ness,United Kingdom
Kilroot,United Kingdom
Belfast,United Kingdom
Peterhead,United Kingdom
Scarborough,United Kingdom
Tarbert,United Kingdom
Portree Harbor,United Kingdom
Larne,United Kingdom
Silloth,United Kingdom
Port Ellen,United Kingdom
Faslane,United Kingdom
Portland Harbour,United Kingdom
Stranraer,United Kingdom
Scapa Bay,United Kingdom
Wisbech,United Kingdom
Kilkeel,United Kingdom
Sharpness,United Kingdom
Burghead,United Kingdom
Ardrishaig,United Kingdom
Blyth,United Kingdom
Bridlington,United Kingdom
Goole,United Kingdom
Kingston Upon Hull,United Kingdom
Immingham,United Kingdom
Grimsby,United Kingdom
Berwick-Upon-Tweed,United Kingdom
Pierowall,United Kingdom
St. Mary's,United Kingdom
Great Yarmouth,United Kingdom
Lowestoft,United Kingdom
Felixstowe,United Kingdom
Renfrew,United Kingdom
Whitby,United Kingdom
King's Lynn,United Kingdom
Ipswich,United Kingdom
Leith,United Kingdom
Poole Harbour,United Kingdom
Buckie Harbor,United Kingdom
Lerwick,United Kingdom
Lochmaddy,United Kingdom
Par,United Kingdom
Seaham,United Kingdom
Mallaig,United Kingdom
Grangemouth,United Kingdom
Weymouth Harbour,United Kingdom
Aberdeen,United Kingdom
Montrose,United Kingdom
Sullom Voe,United Kingdom
Sheerness,United Kingdom
Yarmouth Harbour,United Kingdom
Dundee,United Kingdom
Fraserburgh Harbor,United Kingdom
Campbeltown,United Kingdom
Harwich,United Kingdom
Whitstable,United Kingdom
Cardiff,United Kingdom
Barry,United Kingdom
Milford Haven,United Kingdom
Manchester,United Kingdom
Liverpool,United Kingdom
Fleetwood,United Kingdom
Avonmouth,United Kingdom
Barrow In Furness,United Kingdom
Troon,United Kingdom
Ardglass,United Kingdom
Ayr,United Kingdom
Stromness,United Kingdom
Millport,United Kingdom
Glasgow,United Kingdom
Londonderry,United Kingdom
Gravesend,United Kingdom
Bristol,United Kingdom
Tynemouth,United Kingdom
Scrabster Harbor,United Kingdom
Rothesay Dock,United Kingdom
Teesport,United Kingdom
Dover Harbor,United Kingdom
Newhaven Harbour,United Kingdom
Cowes Harbour,United Kingdom
Bideford,United Kingdom
Brixham Harbour,United Kingdom
Wick,United Kingdom
Dartmouth Harbour,United Kingdom
Fowey Harbour,United Kingdom
Falmouth Harbour,United Kingdom
Hayle,United Kingdom
Teignmouth Harbour,United Kingdom
Padstow,United Kingdom
Littlehampton Harbour,United Kingdom
Warkworth Harbour,United Kingdom
Isle Of Grain,United Kingdom
Fawley Marine Terminal,United Kingdom
Port Talbot,United Kingdom
Scalloway,United Kingdom
Newport,United Kingdom
Lochboisdale,United Kingdom
Bird Port,United Kingdom
Hound Point Terminal,United Kingdom
New Holland,United Kingdom
Whitehall,United Kingdom
Caernarvon,United Kingdom
Garlston,United Kingdom
Broadford Bay,United Kingdom
Kyleakin,United Kingdom
Kyle Of Lochalsh,United Kingdom
Gairloch,United Kingdom
Aultbea,United Kingdom
Cromarty,United Kingdom
Lyness,United Kingdom
Kirkwall,United Kingdom
Kettletoft,United Kingdom
Dunbar,United Kingdom
Eyemouth,United Kingdom
Ardrossan,United Kingdom
Hartlepool,United Kingdom
Bowling,United Kingdom
Howdendyke,United Kingdom
Colchester,United Kingdom
Newlyn,United Kingdom
Portmahomack Harbor,United Kingdom
Neath,United Kingdom
Workington,United Kingdom
Lossiemouth,United Kingdom
Macduff,United Kingdom
Methil,United Kingdom
Burntisland,United Kingdom
Braefoot Bay Terminal,United Kingdom
Granton,United Kingdom
Plymouth,United Kingdom
Helmsdale Harbor,United Kingdom
Boston,United Kingdom
Swansea,United Kingdom
Castle Bay,United Kingdom
London,United Kingdom
Sunderland,United Kingdom
Chatham Docks,United Kingdom
Inverness,United Kingdom
Ramsgate,United Kingdom
Lochaline,United Kingdom
Craignure,United Kingdom
Portsmouth Harbour,United Kingdom
Glensanda,United Kingdom
Uig,United Kingdom
Oban,United Kingdom
Stornoway Harbor,United Kingdom
Crinan,United Kingdom
Bangor,United Kingdom
Heysham,United Kingdom
Liverpool Bay Terminal,United Kingdom
Fishguard,United Kingdom
Corpach,United Kingdom
Lamlash Harbor,United Kingdom
Invergordon,United Kingdom
Mostyn,United Kingdom
Mevagissey,United Kingdom
Shoreham Harbour,United Kingdom
Greenock,United Kingdom
Bridgwater,United Kingdom
Folkestone Harbour,United Kingdom
Lancaster,United Kingdom
Coleraine,United Kingdom
Fort William,United Kingdom
Rosyth,United Kingdom
St Margarets Hope,United Kingdom
Bridport Harbour,United Kingdom
Charlestown,United Kingdom
Finnart Oil Terminal,United Kingdom
Torquay Harbour,United Kingdom
Hunterston,United Kingdom
Holyhead,United Kingdom
Largs,United Kingdom
Old Kilpatrick,United Kingdom
Port Moller,United States
St Helens,United States
Snug Harbor,United States
Los Angeles,United States
New Bedford,United States
Trenton,United States
Norsworthy,United States
Samoa,United States
Benicia,United States
Two Rivers,United States
Mackinaw City,United States
Albany,United States
Fall River,United States
Ouzinkie,United States
Bridgeport,United States
Greenwich,United States
Gaviota,United States
Camden,United States
Whittier,United States
Long Beach,United States
New Harbor,United States
Valdez,United States
Morehead City,United States
Port William,United States
Stapleton SI,United States
Darien,United States
Brunswick,United States
Poulsbo,United States
Fernandina Beach,United States
Jacksonville,United States
Baytown,United States
Put In Bay,United States
Deer Park,United States
Bar Harbor,United States
Crockett,United States
Carpinteria,United States
Davenport,United States
Elizabeth City,United States
Mayport,United States
Fort Pierce,United States
Key West,United States
Carrabelle,United States
Baton Rouge,United States
Beaumont,United States
Galveston,United States
Brownsville,United States
Avalon,United States
Castine,United States
Hoboken,United States
Harbor Springs,United States
Youngstown,United States
Marinette,United States
Menominee,United States
Escanaba,United States
Washington Harbor,United States
Gladstone,United States
Valdez Marine Terminal,United States
Criehaven,United States
Tri-City Port,United States
Bodega Bay,United States
Washougal,United States
Newburyport,United States
Stonington,United States
Houston,United States
Bucksport,United States
Corea,United States
Friendship,United States
Port Clyde,United States
Robinhood,United States
Sinco,United States
Pemaquid Beach,United States
Alexandria,United States
Essex,United States
Port Socony,United States
Grasselli,United States
Matinicus,United States
Bucks Harbor,United States
Northeast Harbor,United States
Oconto,United States
Orcas,United States
Port Allen,United States
Tanani Point,United States
Monhegan,United States
Leland,United States
Newark,United States
Chester,United States
Camden,United States
Baltimore,United States
Frankfort,United States
Annapolis,United States
Prisoners,United States
Ventura,United States
Yerbabuena Island,United States
Isthmus Cove,United States
Salem Nj,United States
Bayonne,United States
Moss,United States
St Petersburg,United States
Portsmouth,United States
New Castle,United States
Winter Harbor,United States
Rockport,United States
Searsport,United States
Kewaunee,United States
Greenport,United States
Norfolk,United States
Algoma,United States
Minturn,United States
Sodus Bay,United States
Green Bay,United States
Philadelphia,United States
Wilmette,United States
Gardiner,United States
Tompkinsville SI,United States
Augusta,United States
Isleton,United States
Convent,United States
Havre De Grace,United States
Deepwater Point,United States
Yorktown,United States
North Haven,United States
Beverly,United States
Brooklin,United States
Toledo,United States
Gretna,United States
Edgewater,United States
Bristol,United States
Ellsworth,United States
Biloxi,United States
Freeport,United States
Monroe,United States
Frenchboro,United States
Courtland,United States
Cleveland,United States
Saco,United States
Sorrento,United States
West Point,United States
Point Richmond,United States
Reserve,United States
Santa Cruz,United States
Swans Island,United States
Toledo,United States
Port Ingleside,United States
Port Reading,United States
St Rose,United States
Port Chester,United States
Providence,United States
Sayreville,United States
Perth Amboy,United States
Port St Joe,United States
Port Aransas,United States
Carteret,United States
New York City,United States
Mare Island,United States
Apalachicola,United States
Port Oconnor,United States
Tampa,United States
Boca Grande,United States
Memphis,United States
Port Manatee,United States
Pasadena,United States
Walnut Grove,United States
Sausalito,United States
Clayton,United States
Ogdensburg,United States
Mount Desert,United States
Leonardo,United States
Norwalk,United States
Haymark Terminal,United States
Grand Isle,United States
Oleum,United States
Port Everglades,United States
Port Hueneme,United States
Gulfport,United States
Bass Harbor,United States
Brooklyn,United States
Newburgh,United States
Kingston,United States
Catskill,United States
Bayway,United States
Chrome,United States
City Island,United States
Boston,United States
Gloucester,United States
Bath,United States
Corpus Christi,United States
Orange,United States
Lake Charles,United States
Morgan City,United States
Loop Terminal,United States
Savannah,United States
Patchogue,United States
Elizabethport,United States
St. James,United States
South Bristol,United States
Miami,United States
Alameda,United States
Destrehan,United States
Berkeley,United States
Marblehead,United States
Wilmington,United States
Stonington,United States
Tiverton,United States
Port Isabel,United States
Tarpon Springs,United States
Pittsburg,United States
Portsmouth,United States
San Francisco,United States
Wilson Cove,United States
Texas City,United States
Salem,United States
Warwick,United States
Pensacola,United States
Mobile,United States
New Orleans,United States
Jersey City,United States
Troy,United States
Stamford,United States
Cundy Harbor,United States
New Haven,United States
New London,United States
Marcus Hook,United States
Madisonville,United States
Newport News,United States
Kennebunkport,United States
Boothbay Harbor,United States
Oakland,United States
Paulsboro,United States
Monterey,United States
South Amboy,United States
Morro Bay,United States
Port Jefferson,United States
Slidell,United States
Santa Barbara,United States
Rockland,United States
Sandypoint,United States
Poughkeepsie,United States
Shelton,United States
Rensselaer,United States
Weehawken,United States
Southport,United States
Pinole Point,United States
Yonkers,United States
Sewaren,United States
Semiahmoo,United States
Pukoo,United States
Point San Pablo,United States
Pismo Beach,United States
South Harpswell,United States
Thomaston,United States
Rio Vista,United States
Southwest Harbor,United States
Panama City,United States
Belfast,United States
Gulfport SI,United States
Port San Luis,United States
San Diego,United States
Winterport,United States
Vinalhaven,United States
Port Neches,United States
Antioch,United States
Quonset Point,United States
Rockport,United States
Portland,United States
El Segundo,United States
South Vallejo,United States
Tern Island,United States
Newport Beach,United States
Pascagoula,United States
Fort Bragg,United States
Mariners Harbor SI,United States
Port Richmond SI,United States
Stockton,United States
Sacramento,United States
Woods Hole,United States
Ellwood,United States
Skoot Cove,United States
Nantucket,United States
Todd,United States
Washington,United States
Ugashik,United States
Yakutat,United States
Machias,United States
Katalla,United States
Port Lavaca,United States
Dupont,United States
Kake,United States
The Dalles,United States
Trenton,United States
Bay City,United States
Baraga,United States
Munising,United States
Kanatak,United States
Chaumont,United States
Buffalo,United States
Dunkirk,United States
Seward,United States
Erie,United States
Washington Bay,United States
Port Ashton,United States
Raymond,United States
Port Heiden,United States
Port Armstrong,United States
Ekuk,United States
Port Royal,United States
Unga,United States
Koggiung,United States
Naknek,United States
Kiska,United States
Makushin,United States
Cannery Bay,United States
Akutan Harbor,United States
Cold Bay,United States
Pilot Point,United States
Ivanof Bay,United States
Chignik,United States
Bear Island,United States
Port Alexander,United States
Calcite,United States
Barbers Point Terminal,United States
Mahukona,United States
Napoopoo,United States
Nawiliwili Bay,United States
Port Chilkoot,United States
Savoonga,United States
Rockport,United States
Rose Inlet,United States
Dillingham,United States
Conneaut,United States
Ashtabula,United States
King Cove,United States
Dutch Harbor,United States
Adak Naval Air Station,United States
Constantine Harbor,United States
Tonawanda,United States
Shepard Point,United States
Clarks Point,United States
Trap Point,United States
Nome,United States
Deering,United States
Barrow,United States
Cheboygan,United States
Alexandria Bay,United States
Ludington,United States
Muskegon,United States
Grand Haven,United States
Holland,United States
Michigan City,United States
Gary,United States
Indiana Harbor,United States
Calumet Harbor,United States
Chicago,United States
Kenosha,United States
Baralof Bay,United States
Unalaska,United States
Larsen Bay,United States
Wainwright,United States
Lorain,United States
Huron,United States
Presque Isle,United States
Plymouth,United States
Detroit,United States
Algonac,United States
Marine City,United States
Bay City,United States
Wrangell,United States
Alabaster,United States
Au Sable,United States
Alpena,United States
Edenton,United States
Columbia,United States
Belhaven,United States
Bayboro,United States
New Bern,United States
Georgetown,United States
Charleston,United States
Waldport,United States
Beaufort,United States
Canaveral Harbor,United States
Winchester Bay,United States
Lazy Bay,United States
Milwaukee,United States
Scituate,United States
Port Hobron,United States
North Bend,United States
Empire,United States
Ahukini Landing,United States
Glenada,United States
La Pointe,United States
Eagle Harbor,United States
Copper Harbor,United States
L Anse,United States
Buffington,United States
Grantley Harbor,United States
Kwiguk,United States
Nash Harbor,United States
Bethel,United States
Egegik,United States
Massacre Bay,United States
Alcan Harbor,United States
Belkofski,United States
Hogg Island,United States
Dry Spruce Bay,United States
Karluk,United States
Kaumalapau Harbor,United States
Hana,United States
Kawaihae,United States
Coos Bay,United States
Kailua,United States
Gardiner,United States
Glen Cove,United States
Nonopapa,United States
Kamalo,United States
Hertford,United States
Harbor Beach,United States
Hyannis,United States
Machiasport,United States
Eastport,United States
Mccord,United States
Drift River,United States
Kenai,United States
Crab Bay,United States
Letnikof Cove,United States
Kimshan Cove,United States
Little Port Walter,United States
Big Port Walter,United States
Bay Of Pillars,United States
Burnett Inlet,United States
Loring,United States
George Inlet,United States
Hidden Inlet,United States
Hyder,United States
East Bremerton,United States
Creosote,United States
Florence,United States
Kotlik,United States
Ocean City,United States
Mystic,United States
Kalama,United States
Ilwaco,United States
Depoe Bay,United States
Cushman,United States
Latouche,United States
Coal Point,United States
Cornucopia,United States
Ontonagon,United States
Houghton,United States
Three Saints Bay,United States
Union Bay,United States
Port Orchard,United States
Unalakleet,United States
Shishmaref,United States
Rouge River,United States
Port Angeles,United States
Ward Cove,United States
Port Conclusion,United States
Vancouver,United States
Great Lakes,United States
Bernard Harbor,United States
Kotzebue,United States
Hamilton,United States
Hoodsport,United States
Norwich,United States
Craig,United States
Blaine,United States
Noank,United States
Montauk Harbor,United States
Fairport,United States
Atlantic City,United States
Gloucester,United States
Burlington,United States
Hyannis Port,United States
Lynn,United States
Davisville Depot,United States
Barnegat,United States
Milbridge,United States
Ninilchik,United States
Fredericksburg,United States
Hood Bay,United States
Elfin Cove,United States
Fishermans Harbor,United States
Ketchikan,United States
Bristol,United States
Coupeville,United States
Camas,United States
Nisqually Head,United States
Klawock,United States
Fort Ward,United States
Keyport,United States
Manitowoc,United States
Manistee,United States
Port Obrien,United States
Southwest Pass,United States
Port Vita,United States
Port Gamble,United States
Hoquiam,United States
Honokaa,United States
Sekiu,United States
Hilo,United States
Honuapo,United States
Milolii,United States
Kauhako Bay,United States
Kiholo,United States
St Clair,United States
Kahului,United States
Prudhoe Bay,United States
Reedsport,United States
Lahaina,United States
Rainier,United States
Kaunakakai,United States
Palisades Point,United States
Womens Bay,United States
San Juan Cannery,United States
Sault Ste Marie,United States
St. Michael,United States
Solomon,United States
Warrenton,United States
Oscoda,United States
Falmouth,United States
Edgartown,United States
Newport,United States
Waterfall,United States
Waukegan,United States
Saginaw,United States
Portland,United States
St Joseph,United States
Silverdale,United States
Platinum,United States
Wyman,United States
Uyak,United States
Depere,United States
Tongue Point,United States
Port Graham,United States
Steamboat Bay,United States
South Bend,United States
Sanak,United States
Barber's Point,United States
Honolulu,United States
Wyandotte,United States
Port Inland,United States
Traverse City,United States
Port Costa,United States
Rochester,United States
Port Arthur,United States
St. James Harbor,United States
St Ignace,United States
Southport,United States
Cape Charles,United States
Sackets Harbor,United States
Port Hope,United States
Martinez,United States
White Lake,United States
Manistique,United States
Point Wells,United States
Nahma,United States
Plymouth,United States
Mackinac Island,United States
Charlevoix,United States
Beaufort,United States
Sand Point,United States
Port Townsend,United States
Oswego,United States
Sabine Pass,United States
South Haven,United States
Port Washington,United States
Yes Bay,United States
Salisbury,United States
Washington D.C.,United States
Solomons Island,United States
Skagway,United States
Piney Point,United States
Swansboro,United States
Petersburg,United States
Sturgeon Bay,United States
Port Sulphur,United States
Superior,United States
Sabine,United States
St Augustine,United States
Wilmington,United States
Redwood City,United States
Petoskey,United States
Palm Beach,United States
Princetown,United States
Wrightsville,United States
Westport,United States
Maurer,United States
Quincy,United States
Funter,United States
Juneau,United States
Haines,United States
Excursion Inlet,United States
Aberdeen,United States
Orca,United States
Metlakatla,United States
Seldovia,United States
Cordova,United States
Provincetown,United States
Cherry Point,United States
Bellingham,United States
Homer,United States
Nikiski,United States
Nahcotta,United States
Anacortes,United States
Sandusky,United States
Longview,United States
Willapa Harbor,United States
Saugatuck,United States
Olympia,United States
Bremerton,United States
Sitka,United States
Neah Bay,United States
La Push,United States
Seattle,United States
Hoonah,United States
Two Harbors,United States
Chatham,United States
Edwards Point,United States
Tawas City,United States
Kasaan,United States
Rogers City,United States
Hawk Inlet,United States
Palacios,United States
Knudson Cove,United States
Hydaburg,United States
Astoria,United States
Newport,United States
Anchorage,United States
Marquette,United States
Port Wing,United States
Grand Marais,United States
Bangor,United States
Winslow,United States
Kaukauna,United States
Port Orford,United States
Jonesport,United States
Rockport,United States
Village Cove,United States
Vineyard Haven,United States
Sheboygan,United States
Tacoma,United States
Richardson,United States
Prosper,United States
Vermilion,United States
Quartermaster Harbor,United States
Mukilteo,United States
Tenakee Springs,United States
Pelican,United States
Bandon,United States
Crescent City,United States
Eureka,United States
Port Clinton,United States
Washburn,United States
Fields Landing,United States
Kodiak,United States
Friday Harbor,United States
Grand Marais,United States
Racine,United States
Westhaven Cove,United States
Duluth,United States
Everett,United States
Roche  Harbor,United States
Lubec,United States
Bayfield,United States
Ashland,United States
Richmond,United States
Port Huron,United States
Fray Bentos,Uruguay
Jose Ignacio,Uruguay
Montevideo,Uruguay
Paysandu,Uruguay
Puerto Sauce,Uruguay
Nueva Palmira,Uruguay
Colonia,Uruguay
La Paloma,Uruguay
Luganville,Vanuatu
Port Vila,Vanuatu
Forari Bay,Vanuatu
Bahia De Pertigalete,Venezuela
El Tabiazo,Venezuela
Palua,Venezuela
Venterminals,Venezuela
Las Piedras,Venezuela
Puerto De Hierro,Venezuela
Ciudad Bolivar,Venezuela
Puerto Cumarebo,Venezuela
Puerto Chichiriviche,Venezuela
Puerto Borburata,Venezuela
Jose Terminal,Venezuela
El Palito,Venezuela
Guiria,Venezuela
Puerto Miranda,Venezuela
Catia La Mar,Venezuela
Cumana,Venezuela
Puerto Cabello,Venezuela
Maracaibo,Venezuela
Bajo Grande,Venezuela
Punta Cardon,Venezuela
La Guaira,Venezuela
Puerto La Cruz,Venezuela
El Guamache,Venezuela
Carupano,Venezuela
Amuay,Venezuela
San Lorenzo,Venezuela
Punta De Palmas,Venezuela
Caripito,Venezuela
La Salina,Venezuela
Puerto Ordaz,Venezuela
Guanta,Venezuela
Nha Trang,Vietnam
Duong Dong,Vietnam
Vung Tau,Vietnam
Dai Hang,Vietnam
Hon Gai,Vietnam
Cat Lai,Vietnam
Thanh Hoa,Vietnam
Mui Vung Tau,Vietnam
Nghe Tinh,Vietnam
Hai Phong,Vietnam
Qui Nhon,Vietnam
Thanh Ho Chi Minh,Vietnam
Phu My,Vietnam
Cam Pha,Vietnam
Da Nang,Vietnam
Vinh Cam Ranh,Vietnam
Wake Island,Wake Island
Mata-Utu,Wallis and Futuna
Ad Dakhla,Western Sahara
Laayoune,Western Sahara
Al Mukha,Yemen
Ras Isa Marine Terminal,Yemen
Ash Shihr Oil Terminal,Yemen
Balhaf,Yemen
Al Mukalla,Yemen
Salif,Yemen
Rudum Terminal,Yemen
Aden,Yemen
Al Ahmadi,Yemen
Nishtun,Yemen
